Postal Code,Area,District,Latitude,Longitude
100,Fort,Colombo,6.939200,79.843600
200,Slave Island,Colombo,6.916700,79.850000
200,Slave lsland,Colombo,7.326700,80.522600
300,Colpetty,Colombo,6.883300,79.850000
400,Bambalapitiya,Colombo,6.891400,79.852200
500,Havelock Town,Colombo,6.884100,79.860800
600,Kirulapone,Colombo,6.875300,79.861100
600,Wellawatta,Colombo,6.875300,79.861100
800,Borella,Colombo,6.917700,79.874200
1300,Kotahena,Colombo,6.945900,79.861700
1500,Mutwal,Colombo,6.950000,79.866700
10100,Sri Jayawardenepu,Colombo,6.886800,79.955100
10115,Malabe,Colombo,6.908300,79.964900
10116,Talawatugoda,Colombo,6.873800,79.937800
10118,Hokandara,Colombo,6.891000,79.951300
10120,Battaramulla,Colombo,6.896400,79.918100
10150,Athurugiriya,Colombo,6.868700,79.999800
10200,Homagama,Colombo,6.844000,80.002400
10202,Mullegama,Colombo,6.879600,80.013100
10204,Habarakada,Colombo,6.870800,80.009200
10206,Pitipana Homagama,Colombo,6.848000,80.009800
10208,Kiriwattuduwa,Colombo,6.797700,80.014600
10230,Pannipitiya,Colombo,6.846200,79.944800
10232,Hiripitya,Colombo,6.846200,79.944800
10250,Nugegoda,Colombo,6.873500,79.889900
10280,Maharagama,Colombo,6.848000,79.926500
10290,Boralesgamuwa,Colombo,6.838200,79.910400
10300,Piliyandala,Colombo,6.799900,79.924900
10302,Deltara,Colombo,6.784100,79.911700
10304,Siddamulla,Colombo,6.823200,79.958600
10306,Madapatha,Colombo,6.768000,79.929000
10320,Polgasowita,Colombo,6.786500,79.965700
10350,Dehiwala,Colombo,6.852300,79.865600
10370,Mount Lavinia,Colombo,6.833900,79.864400
10400,Moratuwa,Colombo,6.773000,79.881600
10500,Padukka,Colombo,6.840800,80.089700
10502,Horagala,Colombo,6.810700,80.046600
10504,Meegoda,Colombo,6.847900,80.048400
10508,Kahawala,Colombo,6.777200,80.105700
10511,Watareka,Colombo,6.850900,80.064000
10513,Batawala,Colombo,6.878000,80.047200
10522,Bope,Colombo,6.832000,80.131400
10524,Handapangoda,Colombo,6.793900,80.144100
10526,Batugampola,Colombo,6.775800,80.134400
10600,Kolonnawa,Colombo,6.932900,79.884800
10620,Mulleriyawa New Town,Colombo,6.928700,80.047800
10640,Kaduwela,Colombo,6.933900,79.982000
10650,Hanwella,Colombo,6.908600,80.079600
10654,Ranala,Colombo,6.914400,80.032000
10656,Dedigamuwa,Colombo,6.890500,80.027000
10660,Pugoda,Gampaha,6.991100,80.119700
10662,Kapugoda,Gampaha,6.950400,80.091600
10664,Tittapattara,Gampaha,6.934500,80.090200
10680,Waga,Colombo,6.901900,80.123600
10682,Tummodara,Colombo,6.901900,80.123600
10700,Avissawella,Colombo,6.953000,80.207500
10704,Napawela,Colombo,6.953000,80.207500
10712,Puwakpitiya,Colombo,7.033100,80.072200
10714,Hewainna,Colombo,7.099900,80.094400
10718,Kalatuwawa,Colombo,7.166700,80.116700
10730,Kosgama,Colombo,6.940400,80.127600
10732,Akarawita,Colombo,6.945900,80.111400
11000,Gampaha,Gampaha,7.089700,79.992500
11010,Ragama,Gampaha,7.029200,79.917000
11011,Batuwatta,Gampaha,7.052700,79.926600
11012,Walpola (WP),Gampaha,7.041000,79.921800
11020,Ganemulla,Gampaha,7.065200,79.963000
11024,Bollete (WP),Gampaha,7.065200,79.963000
11030,Udugampola,Gampaha,7.116700,79.983300
11033,Madelgamuwa,Gampaha,7.111600,79.953000
11034,Uggalboda,Gampaha,7.127300,79.956300
11040,Bemmulla,Gampaha,7.122900,80.023900
11043,Pethiyagoda,Gampaha,7.122900,80.023900
11052,Ambagaspitiya,Gampaha,7.082100,80.061600
11054,Udathuthiripitiya,Gampaha,7.071600,80.033300
11056,Mudungoda,Gampaha,7.061000,80.004900
11061,Mandawala,Gampaha,7.018800,80.083000
11062,Lunugama,Gampaha,6.971400,80.093300
11063,Naranwala,Gampaha,7.000600,80.024500
11066,Nedungamuwa,Gampaha,7.039300,80.019700
11068,Wanaluwewa,Gampaha,7.007500,80.055100
11100,Veyangoda,Gampaha,7.153500,80.059700
11102,Dewalapola,Gampaha,7.165900,79.990500
11104,Wattala,Gampaha,6.977900,79.889800
11104,Watinapaha,Gampaha,7.189100,80.000400
11105,Kumbaloluwa,Gampaha,7.176300,80.082700
11108,Essella,Gampaha,7.177300,80.012300
11112,Muddaragama,Gampaha,7.207700,80.054500
11114,Mabodale,Gampaha,7.198100,80.016600
11116,Ellakkala,Gampaha,7.144000,80.124100
11120,Attanagalla,Gampaha,7.115200,80.134100
11122,Alawala,Gampaha,7.120200,80.181500
11126,Urapola,Gampaha,7.098700,80.143000
11128,Nikahetikanda,Gampaha,7.095100,80.168900
11129,Rukmale,Gampaha,7.407400,80.086900
11134,Bopagama,Gampaha,7.074200,80.150100
11142,Ruggahawila,Gampaha,7.072500,80.115000
11144,Kahatowita,Gampaha,7.072500,80.115000
11146,Walgammulla,Gampaha,7.072500,80.115000
11150,Pallewela,Gampaha,7.200000,80.083300
11160,Kaleliya,Gampaha,7.195000,80.113600
11200,Mirigama,Gampaha,7.243900,80.121200
11204,Loluwagoda,Gampaha,7.295900,80.134600
11206,Kitalawalana,Gampaha,7.296500,80.100100
11208,Divuldeniya,Gampaha,7.302800,80.095700
11212,Ambepussa,Gampaha,7.250700,80.172300
11214,Pamunuwatta,Gampaha,7.212700,80.137500
11216,Bokalagama,Gampaha,7.231700,80.154900
11222,Nawana,Gampaha,7.263800,80.101200
11224,Kaluaggala,Gampaha,6.917300,80.110900
11226,Walpita,Gampaha,7.260100,80.049300
11228,Delwagura,Gampaha,7.266100,79.993600
11232,Kotadeniyawa,Gampaha,7.284400,80.062500
11234,Mellawagedara,Gampaha,7.284400,80.062500
11242,Kitulwala,Gampaha,7.503400,80.531800
11244,Banduragoda,Gampaha,7.226600,80.054400
11250,Divulapitiya,Gampaha,7.224000,80.009400
11260,Marandagahamula,Gampaha,7.240500,79.972300
11262,Hunumulla,Gampaha,7.245300,79.997400
11264,Dunagaha,Gampaha,7.225600,79.968500
11265,Ihala Madampella,Gampaha,7.250700,79.950900
11270,Demanhandiya,Gampaha,7.228200,79.896400
11320,Kandana,Gampaha,7.048000,79.893700
11324,Polpithimukulana,Gampaha,7.045000,79.878100
11328,Uswetakeiyawa,Gampaha,7.042100,79.862400
11350,Ja-Ela,Gampaha,7.074400,79.891900
11354,Niwandama,Gampaha,7.081500,79.930800
11358,Makewita,Gampaha,7.102300,79.931300
11370,Pamunugama,Gampaha,7.100600,79.848100
11380,Ekala,Gampaha,7.099000,79.913000
11390,Kotugoda,Gampaha,7.123100,79.926300
11400,Raddolugama,Gampaha,7.137100,79.903400
11410,Seeduwa,Gampaha,7.130500,79.887100
11420,Katunayake(FTZ),Gampaha,7.144000,79.888700
11440,Katunayake Air Force Camp,Gampaha,7.144000,79.888700
11450,Katunayake,Gampaha,7.164300,79.875700
11500,Negombo,Gampaha,7.208300,79.835800
11504,Talahena,Gampaha,7.162400,79.824600
11522,Kimbulapitiya,Gampaha,7.203600,79.895000
11524,Dagonna,Gampaha,7.221900,79.927900
11526,Katuwellegama,Gampaha,7.223400,79.938300
11532,Thimbirigaskatuwa,Gampaha,7.271500,79.948400
11534,Katana,Gampaha,7.250300,79.895700
11536,Akaragama,Gampaha,7.266600,79.965200
11538,Badalgama,Gampaha,7.297600,79.984400
11540,Kochchikade,Gampaha,7.265700,79.860300
11550,Minuwangoda,Gampaha,7.166300,79.953300
11558,Andiambalama,Gampaha,7.181800,79.900100
11562,Wegowwa,Gampaha,7.171500,79.966500
11564,Horampella,Gampaha,7.171500,79.966500
11566,Yatiyana(WP),Gampaha,7.171500,79.966500
11568,Hinatiyana Madawala,Gampaha,7.171500,79.966500
11600,Kelaniya,Gampaha,6.955300,79.922000
11607,Siyambalape,Gampaha,6.970700,79.987500
11618,Heiyanthuduwa,Gampaha,6.961800,80.002500
11630,GonawalaWP,Gampaha,6.961800,80.002500
11640,Makola,Gampaha,6.976900,79.958000
11650,Biyagama,Gampaha,6.942300,79.984200
11670,Malwana,Gampaha,6.941400,80.021000
11672,Biyagama IPZ,Gampaha,6.941400,80.021000
11680,Dompe,Gampaha,6.950300,80.051000
11690,Dekatana,Gampaha,6.969400,80.048100
11692,Demalagama,Gampaha,6.987900,80.048300
11700,Delgoda,Gampaha,6.990900,80.008000
11710,Weliveriya,Gampaha,7.017700,80.048800
11715,Henegama,Gampaha,7.017700,80.048800
11720,Buthpitiya,Gampaha,7.049100,80.051400
11724,Wathurugama,Gampaha,7.040600,80.071300
11725,Radawana,Gampaha,7.032100,80.091200
11730,Kirindiwela,Gampaha,7.041700,80.128200
11734,Hiswella,Gampaha,7.041700,80.128200
11741,Pepiliyawala,Gampaha,6.998200,80.128600
11742,Mithirigala,Gampaha,6.998200,80.128600
11830,Peliyagoda,Gampaha,6.968500,79.883600
11850,Kadawatha,Gampaha,7.027600,79.993000
11856,Imbulgoda,Gampaha,7.037600,79.991300
11858,Weboda,Gampaha,7.017600,79.994600
11870,Yakkala,Gampaha,7.086900,80.027100
11875,Kalagedihena,Gampaha,7.118500,80.056300
11880,Nittambuwa,Gampaha,7.142600,80.093800
11889,Debahera,Gampaha,7.142600,80.093800
11890,Pasyala,Gampaha,7.166600,80.121900
11892,Radawadunna,Gampaha,7.178500,80.140900
11894,Weweldeniya,Gampaha,7.184000,80.146600
11896,Danowita,Gampaha,7.207000,80.176900
12000,Kalutara,Kalutara,6.583100,79.959300
12005,Galpatha,Kalutara,6.605300,79.997100
12006,Yatawara Junction,Kalutara,6.605300,79.997100
12007,Koholana,Kalutara,6.618900,80.021900
12008,Bolossagama,Kalutara,6.605300,79.997100
12009,Remunagoda,Kalutara,6.613800,80.010000
12016,Gamagoda,Kalutara,6.590900,80.008300
12020,Dodangoda,Kalutara,6.553100,80.022300
12024,Bombuwala,Kalutara,6.572100,80.009600
12025,Tebuwana,Kalutara,6.582900,80.046600
12030,Neboda,Kalutara,6.589100,80.084000
12050,Paiyagala,Kalutara,6.507500,80.027600
12055,Halkandawila,Kalutara,6.507500,80.027600
12060,Maggona,Kalutara,6.504100,79.981100
12070,Beruwala,Kalutara,6.478800,79.982800
12074,Padagoda,Kalutara,6.452600,80.009600
12078,Kalawila Kiranthidiya,Kalutara,6.465700,79.996200
12080,Alutgama,Kalutara,6.439400,79.989500
12090,Dharga Town,Kalutara,6.424000,80.063100
12094,Meegama,Kalutara,6.424000,80.063100
12100,Matugama,Kalutara,6.520400,80.112800
12104,Yatadolawatta,Kalutara,6.527300,80.063100
12106,Nawattuduwa,Kalutara,6.504200,80.093400
12108,Welipenna,Kalutara,6.465000,80.104300
12112,Walagedara,Kalutara,6.448500,80.078000
12114,Pannila,Kalutara,6.439900,80.102900
12116,Ittapana,Kalutara,6.421700,80.088400
12118,Halwala,Kalutara,6.413700,80.109700
12122,Paraigama,Kalutara,6.405200,80.125300
12124,Yagirala,Kalutara,6.384600,80.160500
12126,Mahakalupahana,Kalutara,6.394900,80.142900
12127,Utumgama,Kalutara,6.394900,80.142900
12130,Meegahatenna,Kalutara,6.439400,80.197100
12134,Walallawita,Kalutara,6.361500,80.193100
12136,Polgampola,Kalutara,6.468100,80.192400
12138,Pelawatta,Kalutara,6.408900,80.216600
12142,Boralugoda,Kalutara,6.433600,80.284200
12144,Pahalahewessa,Kalutara,6.433600,80.284200
12148,Danawala Thiniyawala,Kalutara,6.433600,80.284200
12200,Agalawatta,Kalutara,6.542200,80.158300
12204,Veyangalla,Kalutara,6.542200,80.158300
12210,Mahagama,Kalutara,6.616700,80.166700
12214,Pelanda,Kalutara,6.601100,80.232200
12216,Molkawa,Kalutara,6.609000,80.233000
12218,Kelinkanda,Kalutara,6.577700,80.296900
12222,Kitulgoda,Kalutara,6.499600,80.180700
12224,Bellana,Kalutara,6.523700,80.176500
12230,Baduraliya,Kalutara,6.508400,80.232900
12232,Morapitiya,Kalutara,6.535200,80.263000
12234,Hedigalla Colony,Kalutara,6.521800,80.248000
12236,Gurulubadda,Kalutara,6.521800,80.248000
12300,Bulathsinhala,Kalutara,6.674400,80.193400
12302,Paragoda,Kalutara,6.610900,80.224300
12304,Delmella,Kalutara,6.688100,80.205700
12306,Halwatura,Kalutara,6.699200,80.191400
12308,Diwalakada,Kalutara,6.699400,80.152100
12310,Govinna,Kalutara,6.674300,80.115900
12320,Anguruwatota,Kalutara,6.638300,80.086100
12322,Uduwara,Kalutara,6.616700,80.066700
12400,Horana,Kalutara,6.715900,80.062600
12404,Pokunuwita,Kalutara,6.726600,80.036900
12410,Gonapola Junction,Kalutara,6.692700,80.032600
12412,Millaniya,Kalutara,6.692700,80.032600
12414,Paragastota,Kalutara,6.668500,79.991900
12416,Dombagoda,Kalutara,6.647600,80.047100
12418,Kananwila,Kalutara,6.762000,80.058900
12422,Millewa,Kalutara,6.783400,80.062500
12424,Miwanapalana,Kalutara,6.744800,80.092200
12426,Kuda Uduwa,Kalutara,6.766200,80.078400
12428,Kandanagama,Kalutara,6.764800,80.077700
12432,Poruwedanda,Kalutara,6.737300,80.117800
12440,lngiriya,Kalutara,6.728000,80.060900
12500,Panadura,Kalutara,6.713200,79.902600
12524,Alubomulla,Kalutara,6.708500,79.948900
12530,Bandaragama,Kalutara,6.714400,79.988000
12534,Welmilla Junction,Kalutara,6.707200,80.010700
12538,Haltota,Kalutara,6.700000,80.033300
12550,Kehelwatta,Kalutara,6.751700,79.907500
12560,Wadduwa,Kalutara,6.668600,79.925300
12564,Morontuduwa,Kalutara,6.659400,79.972600
12580,Waskaduwa,Kalutara,6.635500,79.947200
20000,Kandy,Kandy,7.295500,80.635600
20032,Halloluwa,Kandy,7.203100,80.338600
20034,Yatihalagala,Kandy,7.293200,80.598200
20042,lhala Kobbekaduwa,Kandy,7.315400,80.588700
20044,Sangarajapura,Kandy,7.315400,80.588700
20048,Kulugammana,Kandy,7.315400,80.588700
20052,Uduwa,Kandy,7.363700,80.484500
20060,Hataraliyadda,Kandy,7.336900,80.465800
20062,Aludeniya,Kandy,7.368600,80.467200
20068,Dedunupitiya,Kandy,7.335300,80.431300
20072,Nugawela,Kandy,7.333300,80.600000
20080,Werellagama,Kandy,7.316700,80.583300
20084,Pallekotuwa,Kandy,7.337300,80.566300
20086,Kumburegama,Kandy,7.358000,80.549300
20092,Harankahawa,Kandy,7.401200,80.528900
20094,Udahingulwala,Kandy,7.401200,80.528900
20095,Gallellagama,Kandy,7.401200,80.528900
20100,Galagedara,Kandy,7.373000,80.520600
20106,Poholiyadda,Kandy,7.347200,80.520800
20108,Wettawa,Kandy,7.352600,80.514700
20109,Minigamuwa,Kandy,7.337600,80.502600
20112,Pujapitiya,Kandy,7.374200,80.586000
20118,Pattiya Watta,Kandy,7.374200,80.586000
20120,Medawala Harispattuwa,Kandy,7.344900,80.681400
20126,Dolapihilla,Kandy,7.389900,80.579400
20128,Rambukwella,Kandy,7.300000,80.783300
20132,Batugoda,Kandy,7.362000,80.589100
20134,Watagoda Harispattuwa,Kandy,7.356000,80.605100
20136,Ambatenna,Kandy,7.350100,80.621100
20140,Alawatugoda,Kandy,7.404200,80.608700
20142,Wilanagama,Kandy,7.404200,80.608700
20150,Ankumbura,Kandy,7.433300,80.566700
20152,Galhinna,Kandy,7.416200,80.563900
20154,Batagolladeniya,Kandy,7.417300,80.561700
20160,Ampitiya,Kandy,7.271500,80.656000
20164,Uduwela,Kandy,7.275400,80.669700
20166,Tennekumbura,Kandy,7.280900,80.653100
20168,Kundasale,Kandy,7.273700,80.700100
20170,Menikhinna,Kandy,7.318400,80.699500
20172,Lunuketiya Maditta,Kandy,7.333200,80.712700
20176,Naranpanawa,Kandy,7.348100,80.725900
20180,Rajawella,Kandy,7.295900,80.736100
20184,Gomagoda,Kandy,7.324500,80.731300
20186,Kengalla,Kandy,7.294500,80.711000
20189,Gurudeniya,Kandy,7.264200,80.685900
20194,Nattarampotha,Kandy,7.302200,80.676200
20196,Pilawala,Kandy,7.302200,80.676200
20198,Ketawala Leula,Kandy,7.302200,80.676200
20200,Talatuoya,Kandy,7.250700,80.689900
20202,Etulgama,Kandy,7.242500,80.668700
20204,Nugaliyadda,Kandy,7.229100,80.688900
20206,Kapuliyadde,Kandy,7.240800,80.682500
20210,Marassana,Kandy,7.225100,80.735200
20212,Kolabissa,Kandy,7.227800,80.717400
20214,Godamunna,Kandy,7.230500,80.699500
20216,Mahamedagama,Kandy,7.227800,80.717400
20218,Bawlana,Kandy,7.227800,80.717400
20232,Murutalawa,Kandy,7.292800,80.572000
20234,Yahalatenna,Kandy,7.292800,80.572000
20250,Polgolla,Kandy,7.330800,80.646100
20260,Madawala Bazaar,Kandy,7.257400,80.671500
20270,Gunnepana,Kandy,7.257400,80.671500
20300,Kadugannawa,Kandy,7.254700,80.524200
20306,Ketakumbura,Kandy,7.210300,80.579500
20308,Balana,Kandy,7.270600,80.483200
20400,Peradeniya,Kandy,7.262200,80.584100
20404,Uda Peradeniya,Kandy,7.262200,80.584100
20409,Megoda Kalugamuwa,Kandy,7.262200,80.584100
20414,Hindagala,Kandy,7.233300,80.600000
20418,Nillambe,Kandy,7.151300,80.641900
20420,Galaha,Kandy,7.197900,80.664500
20430,Deltota,Kandy,7.194400,80.691700
20438,Handawalapitiya,Kandy,7.194400,80.691700
20440,Hewaheta,Kandy,7.107000,80.764800
20442,Kiribathkumbura,Kandy,7.107000,80.764800
20450,Pilimatalawa,Kandy,7.268900,80.544100
20454,Wattappola,Kandy,7.237300,80.543100
20465,Danture,Kandy,7.282500,80.535200
20470,Menikdiwela,Kandy,7.289200,80.504100
20480,Handessa,Kandy,7.233300,80.583300
20482,Leemagahakotuwa,Kandy,7.233300,80.583300
20500,Gampola,Kandy,7.164300,80.569600
20506,Udahentenna,Kandy,7.096900,80.512800
20510,Dolosbage,Kandy,7.080800,80.469300
20511,Pattitalawa,Kandy,7.114500,80.469900
20512,Meetalawa,Kandy,7.097600,80.469600
20524,Hondiyadeniya,Kandy,7.104900,80.591700
20526,Muruthagahamulla,Kandy,7.104900,80.591700
20532,Doluwa,Kandy,7.179400,80.598000
20544,Panwilatenna,Kandy,7.157400,80.637300
20546,Pupuressa,Kandy,7.126200,80.669200
20560,Kotmale,Nuwara Eliya,7.014200,80.589700
20562,Ulapane,Kandy,7.103100,80.557200
20564,Mawatura,Kandy,7.100000,80.566700
20566,Maswela,Nuwara Eliya,7.066700,80.633300
20567,Doragala,Nuwara Eliya,7.071000,80.586700
20568,Nayapana Janapadaya,Nuwara Eliya,7.071000,80.586700
20574,Atabage,Kandy,7.135400,80.609100
20578,Paradeka,Kandy,7.112300,80.607000
20580,Pussellawa,Kandy,7.107300,80.632200
20588,Katukitula,Nuwara Eliya,7.074100,80.658400
20590,Ramboda,Nuwara Eliya,7.045700,80.687600
20592,Labukele,Nuwara Eliya,7.045700,80.687600
20610,Weligalla,Kandy,7.190700,80.586500
20620,Gelioya,Kandy,7.215700,80.596700
20640,Velamboda,Kandy,7.044700,80.523500
20644,Bambaragahaela,Kandy,7.044700,80.523500
20650,Nawalapitiya,Kandy,7.053400,80.532100
20654,Pasbage,Kandy,7.035000,80.524400
20656,Gonawalapatana,Kandy,7.035000,80.524400
20658,Dekinda,Kandy,7.016700,80.516700
20660,Ketaboola,Nuwara Eliya,7.024300,80.550400
20662,Mapakanda,Kandy,7.024300,80.550400
20664,Galaboda,Kandy,6.986400,80.529500
20666,Weligampola,Kandy,7.024300,80.550400
20668,Hapugastalawa,Nuwara Eliya,7.062100,80.571300
20669,Harangalagama,Nuwara Eliya,7.024300,80.550400
20670,Nawathispane,Nuwara Eliya,7.035900,80.517400
20676,Rambukpitiya,Kandy,7.035900,80.517400
20678,Ambagamuwa Udabulathgama,Nuwara Eliya,7.035900,80.517400
20680,Ginigathena,Nuwara Eliya,6.990300,80.487700
20682,Pitawala,Nuwara Eliya,6.998400,80.451300
20684,Dagampitiya,Nuwara Eliya,6.975900,80.473800
20686,Ambatalawa,Nuwara Eliya,6.965800,80.495800
20688,Kelanigama,Nuwara Eliya,6.982600,80.477200
20702,Mailapitiya,Kandy,7.199800,80.755200
20708,Unuwinna,Kandy,7.199800,80.755200
20710,Hanguranketha,Kandy,7.125200,80.787900
20712,Gonagantenna,Kandy,7.125200,80.787900
20714,Marymount Colony,Kandy,7.125200,80.787900
20722,Udawatta,Kandy,7.172700,80.814900
20724,lllagolla,Kandy,7.172700,80.814900
20730,Rikillagaskada,Kandy,7.144000,80.783400
20732,Ekiriya,Kandy,7.147400,80.756200
20734,Pallebowala,Kandy,7.140200,80.779200
20738,Karandagolla,Kandy,7.129300,80.798000
20742,Elamulla,Kandy,7.054200,80.779200
20744,Mandaram,Kandy,7.064200,80.784400
20748,Maturata,Kandy,7.074200,80.789700
20750,Padiyapelella,Nuwara Eliya,7.087700,80.804400
20752,Munwatta,Nuwara Eliya,7.117400,80.809900
20800,Katugastota,Kandy,7.327600,80.621200
20802,Udatalawinna,Kandy,7.343000,80.646300
20810,Wattegama,Kandy,7.349300,80.680800
20816,Doragamuwa,Kandy,7.363800,80.655700
20818,Rathukohodigala,Kandy,7.356600,80.668300
20822,Jambugahapitiya,Kandy,7.379200,80.642900
20824,Dunuwila,Kandy,7.379200,80.642900
20828,Makkanigama,Kandy,7.379200,80.642900
20830,Panvila,Kandy,7.066500,80.691900
20838,Tawalantenna,Kandy,7.066500,80.691900
20840,Madulkele,Kandy,7.397900,80.731000
20850,Akurana,Kandy,7.366700,80.616700
20900,Teldeniya,Kandy,7.296900,80.768600
20902,Kumbukkandura,Kandy,7.314700,80.761600
20904,Senarathwela,Kandy,7.314700,80.761600
20906,Putuhapuwa,Kandy,7.332500,80.754500
20908,Werapitya,Kandy,7.314700,80.761600
20914,Wendaruwa,Kandy,7.307600,80.887000
20916,Udispattuwa,Kandy,7.307600,80.887000
20921,Makuldeniya,Kandy,7.333300,80.783300
20922,Rangala,Kandy,7.353900,80.785300
20923,Mimure,Kandy,7.433300,80.833300
20924,Kahataliyadda,Kandy,7.376000,80.821300
20926,Kalugala,Kandy,7.383300,80.883300
20928,Kobonila,Kandy,7.376000,80.821300
20932,Bopana,Kandy,7.300000,80.900000
20934,Uduwahinna,Kandy,7.283300,80.891700
20938,Madugalla,Kandy,7.266700,80.883300
20940,Medamahanuwara,Kandy,7.300000,80.850000
20945,Mahadoraliyadda,Kandy,7.300000,80.850000
20948,Hunnasgiriya,Kandy,7.300000,80.850000
20950,Ududumbara,Kandy,7.307600,80.887000
20960,Hasalaka,Kandy,7.287900,80.961600
20965,Ulpothagama,Kandy,7.159200,80.989800
20966,Batumulla,Kandy,7.416700,80.933300
20967,Barawardhana Oya,Kandy,7.287900,80.961600
20971,Kolongoda,Kandy,7.307600,80.887000
20982,Weragantota,Kandy,7.316700,80.983300
20983,Minipe,Kandy,7.218200,80.977500
20984,Handaganawa,Kandy,7.283300,80.983300
20986,Ambagahapelessa,Kandy,7.219700,80.995800
20990,Rantembe,Kandy,7.307600,80.887000
21000,Matale,Matale,7.469800,80.621700
21004,Alwatta,Matale,7.443200,80.662000
21006,Udatenna,Matale,7.416700,80.650000
21008,Leliambe,Matale,7.432400,80.650100
21009,Wehigala,Matale,7.400000,80.666700
21012,Elkaduwa,Matale,7.414500,80.682500
21014,Karagahinna,Matale,7.360100,80.382000
21016,Katudeniya,Matale,7.305800,80.081400
21020,Ovilikanda,Matale,7.450000,80.566700
21032,Dankanda,Matale,7.529300,80.698900
21042,Kiwula,Matale,7.519300,80.565700
21044,Muwandeniya,Matale,7.516700,80.533300
21046,Dunkolawatta,Matale,7.519300,80.565700
21048,Walawela,Matale,7.521900,80.598100
21051,Udasgiriya,Matale,7.532400,80.577400
21054,Dullewa,Matale,7.508000,80.600300
21055,Melipitiya,Matale,7.549200,80.587400
21056,Yatawatta,Matale,7.564900,80.582100
21058,Selagama,Matale,7.591600,80.589900
21062,Metihakka,Matale,7.536800,80.658200
21064,Imbulgolla,Matale,7.571600,80.670700
21066,Kaikawala,Matale,7.507200,80.656900
21068,Gammaduwa,Matale,7.568600,80.696100
21070,Palapathwela,Matale,7.608300,80.659500
21072,Kavudupelella,Matale,7.581300,80.626700
21074,Madawala Ulpotha,Matale,7.608300,80.659500
21076,Opalgala,Matale,7.635300,80.692300
21082,Nalanda,Matale,7.660600,80.642400
21090,Naula,Matale,7.704700,80.654200
21094,Lenadora,Matale,7.751900,80.660800
21100,Dambulla,Matale,7.860000,80.651700
21106,Kandalama,Matale,7.866700,80.716700
21108,Erawula Junction,Matale,7.863300,80.684200
21112,Kalundawa,Matale,7.800000,80.716700
21114,Wewalawewa,Matale,7.810300,80.666900
21116,Talakiriyagama,Matale,7.820600,80.617200
21120,Sigiriya,Matale,7.951800,80.742600
21122,Kibissa,Matale,7.941200,80.725200
21124,Inamaluwa,Matale,7.931400,80.684500
21140,Mahawela,Matale,7.586900,80.607200
21142,Akuramboda,Matale,7.646700,80.601400
21144,Mananwatta,Matale,7.616800,80.604300
21152,Pallepola,Matale,7.624600,80.600600
21154,Millawana,Matale,7.650300,80.577200
21156,Madipola,Matale,7.683300,80.583300
21160,Wahacotte,Matale,7.714200,80.597200
21200,Galewela,Matale,7.758900,80.568300
21206,Dewahuwa,Matale,7.758900,80.568300
21212,Bambaragaswewa,Matale,7.783300,80.533300
21214,Beligamuwa,Matale,7.716700,80.550000
21300,Ukuwela,Matale,7.422800,80.616700
21400,Rattota,Matale,7.520500,80.679800
21402,Etanawala,Matale,7.520500,80.679800
21404,Gangala Puwakpitiya,Matale,7.520500,80.679800
21406,lllukkumbura,Matale,7.520500,80.679800
21408,Welangahawatte,Matale,7.520500,80.679800
21500,Kongahawela,Matale,7.674200,80.717100
21502,Pubbiliya,Matale,7.733300,80.716700
21504,Ambana,Matale,7.657900,80.690900
21506,Talagoda Junction,Matale,7.688500,80.708200
21512,Ataragallewa,Matale,7.662200,80.772800
21514,Hattota Amuna,Matale,7.662200,80.772800
21520,Laggala Pallegama,Matale,7.662200,80.772800
21524,Ranamuregama,Matale,7.662200,80.772800
21530,Wilgamuwa,Matale,7.662200,80.772800
21532,Perakanatta,Matale,7.662200,80.772800
21534,Nugagolla,Matale,7.662200,80.772800
21536,Handungamuwa,Matale,7.662200,80.772800
21538,Dunuwilapitiya,Matale,7.662200,80.772800
21552,Devagiriya,Matale,7.583300,80.966700
21554,Maraka,Matale,7.583300,80.966700
22000,Hatton,Nuwara Eliya,6.891600,80.595500
22002,,Dunukedeniya,7.000000,80.633300
22008,Rozella,Nuwara Eliya,6.931700,80.549500
22010,Watawala,Nuwara Eliya,6.944200,80.537700
22012,Patana,Nuwara Eliya,7.515800,80.682900
22018,Wijebahukanda,Nuwara Eliya,7.011000,80.623800
22021,Maldeniya,Nuwara Eliya,7.027600,80.652000
22024,Hedunuwewa,Nuwara Eliya,7.027600,80.652000
22032,Widulipura,Nuwara Eliya,6.926800,80.488800
22034,Laxapana,Nuwara Eliya,6.926800,80.488800
22036,Morahenagama,Nuwara Eliya,6.926800,80.488800
22040,Kottellena,Nuwara Eliya,6.935900,80.458300
22044,Hangarapitiya,Nuwara Eliya,6.918200,80.472000
22046,Hitigegama,Nuwara Eliya,6.953600,80.444600
22050,Dikoya,Nuwara Eliya,6.871300,80.600000
22058,Norwood,Nuwara Eliya,6.837700,80.607900
22060,Bogawantalawa,Nuwara Eliya,6.799400,80.665000
22070,Maskeliya,Nuwara Eliya,6.834300,80.567600
22075,Nissanka Uyana,Nuwara Eliya,6.834300,80.567600
22080,Kotagala,Nuwara Eliya,6.928400,80.606100
22090,Lindula,Nuwara Eliya,6.921700,80.685000
22094,Agarapathana,Nuwara Eliya,6.921700,80.685000
22095,Bopattalawa,Nuwara Eliya,6.921700,80.685000
22096,Dayagama Bazaar,Nuwara Eliya,6.921700,80.685000
22100,Talawakele,Nuwara Eliya,6.937100,80.658100
22110,Watagoda,Nuwara Eliya,6.970400,80.649300
22120,Pundaluoya,Nuwara Eliya,7.015100,80.669700
22150,Nanuoya,Nuwara Eliya,6.974200,80.659000
22200,Nuwara Eliya,Nuwara Eliya,6.970800,80.782900
22202,Santhipura,Nuwara Eliya,6.970800,80.782900
22208,Haggala,Nuwara Eliya,6.970800,80.782900
22212,Ruwaneliya,Nuwara Eliya,6.873000,80.810600
22214,Mipilimana,Nuwara Eliya,6.873000,80.810600
22216,Ambewela,Nuwara Eliya,6.873000,80.810600
22220,Kandapola,Nuwara Eliya,6.989400,80.812700
22226,Gonakele,Nuwara Eliya,7.056800,80.807400
22240,Halgranoya,Nuwara Eliya,7.048600,80.889800
22245,Rupaha,Nuwara Eliya,7.036000,80.904000
22246,Kumbukwela,Nuwara Eliya,7.061200,80.875700
22250,Udapussallawa,Nuwara Eliya,7.030800,80.910500
22252,Kurupanawela,Nuwara Eliya,7.009000,80.905200
22254,Mipanawa,Nuwara Eliya,7.037300,80.923000
22256,Madulla,Nuwara Eliya,7.046200,80.903400
22262,Harasbedda,Nuwara Eliya,7.049300,80.874400
22270,Walapane,Nuwara Eliya,7.114100,80.851100
22272,Kumbalgamuwa,Nuwara Eliya,7.114100,80.851100
22274,Keerthi Bandarapura,Nuwara Eliya,7.114100,80.851100
22280,Nildandahinna,Nuwara Eliya,7.067900,80.893900
22282,Kalaganwatta,Nuwara Eliya,7.100000,80.900000
22285,Udamadura,Nuwara Eliya,7.085400,80.916500
22287,Teripeha,Nuwara Eliya,7.118100,80.917900
30000,Batticaloa,Batticaloa,7.710200,81.692400
30016,Kannankudah,Batticaloa,7.679800,81.670200
30018,Navatkadu,Batticaloa,7.583300,81.716700
30022,Pillaiyaradi,Batticaloa,7.752700,81.641700
30024,Thannamunai,Batticaloa,7.752700,81.641700
30100,Kattankudi,Batticaloa,7.682400,81.733400
30150,Araipattai,Batticaloa,7.666700,81.733300
30158,Puthukudiyiruppu,Batticaloa,7.633300,81.750000
30159,Kirankulam,Batticaloa,7.600000,81.766700
30160,Kokkaddichcholai,Batticaloa,7.624000,81.759900
30162,Ampilanthurai,Batticaloa,7.624000,81.759900
30192,Kurukkalmadam,Batticaloa,7.587600,81.782900
30194,Cheddipalayam,Batticaloa,7.583300,81.783300
30196,Thettativu,Batticaloa,7.585500,81.783100
30200,Kaluwanchikudi,Batticaloa,7.516700,81.783300
30204,Vellavely,Batticaloa,7.500000,81.733300
30206,Bakiella,Batticaloa,7.508300,81.758300
30220,Mandur,Batticaloa,7.483300,81.750000
30230,Periyaporativu,Batticaloa,7.516700,81.766700
30234,Thirupalugamam,Batticaloa,7.525000,81.725000
30236,Thikkodai,Batticaloa,7.533300,81.683300
30238,Navagirinagar,Batticaloa,7.525000,81.725000
30249,Koddaikallar,Batticaloa,7.502800,81.752800
30250,Kallar,Batticaloa,7.466700,81.800000
30254,Thuraineelavanai,Batticaloa,7.466700,81.800000
30300,Eravur,Batticaloa,7.778200,81.603800
30350,Chenkaladi,Batticaloa,7.786000,81.591000
30352,Pankudavely,Batticaloa,7.749100,81.568900
30354,Karadiyanaru,Batticaloa,7.712100,81.546800
30358,Periyapullumalai,Batticaloa,7.749100,81.568900
30362,Ayithiyamalai,Batticaloa,7.616700,81.550000
30364,Unnichchai,Batticaloa,7.616700,81.550000
30372,Kaluwankemy,Batticaloa,7.799500,81.577300
30376,Vantharumoolai,Batticaloa,7.799500,81.577300
30392,Murakottanchanai,Batticaloa,7.865500,81.537500
30394,Kiran,Batticaloa,7.865500,81.537500
30400,Valaichenai,Batticaloa,7.689900,81.601100
30410,Kalkudah,Batticaloa,7.916700,81.566700
30420,Oddamavadi,Batticaloa,7.916700,81.516700
30424,Vakaneri,Batticaloa,7.916700,81.433300
30426,Miravodai,Batticaloa,7.902400,81.509800
30428,Punanai,Batticaloa,7.966700,81.383300
30442,Mankemi,Batticaloa,7.957400,81.480500
30444,Panichankemi,Batticaloa,7.957400,81.480500
30450,Vakarai,Batticaloa,8.133300,81.433300
30456,Kathiraveli,Batticaloa,8.216700,81.400000
31000,Trincomalee,Trincomalee,8.571100,81.233500
31006,Sampaltivu,Trincomalee,8.626300,81.212700
31010,Nilaveli,Trincomalee,8.683300,81.200000
31012,Kumburupiddy,Trincomalee,8.735300,81.162300
31014,Kuchchaveli,Trincomalee,8.814600,81.099000
31016,Tiriyayi,Trincomalee,8.744400,81.153800
31026,Gomarankadawala,Trincomalee,8.674900,80.954800
31028,Buckmigama,Trincomalee,8.674900,80.954800
31032,Kanniya,Trincomalee,8.633300,81.031700
31034,Pankulam,Trincomalee,8.633300,81.031700
31036,Mahadivulwewa,Trincomalee,8.633300,81.031700
31038,Rottawewa,Trincomalee,8.633300,81.031700
31046,Tampalakamam,Trincomalee,8.499500,81.097200
31050,Chinabay,Trincomalee,8.516400,81.189100
31053,Vellamanal,Trincomalee,8.516400,81.189100
31100,Kinniya,Trincomalee,8.498100,81.177900
31106,Maharugiramam,Trincomalee,8.498100,81.177900
31112,Kurinchakemy,Trincomalee,8.498100,81.177900
31200,Mutur,Trincomalee,8.450000,81.266700
31212,Kaddaiparichchan,Trincomalee,8.450000,81.283300
31216,Sampur,Trincomalee,8.485400,81.291000
31220,Kiliveddy,Trincomalee,8.447700,81.287400
31222,Somapura,Trincomalee,8.447700,81.287400
31224,Mallikativu,Trincomalee,8.447700,81.287400
31226,Dehiwatte,Trincomalee,8.447700,81.287400
31228,Neelapola,Trincomalee,8.447700,81.287400
31232,Serunuwara,Trincomalee,8.447700,81.287400
31234,Lankapatuna,Trincomalee,8.447700,81.287400
31236,Echchilampattai,Trincomalee,8.447700,81.287400
31238,Mawadichenai,Trincomalee,8.447700,81.287400
31250,Toppur,Trincomalee,8.405500,81.308600
31260,Seruwila,Trincomalee,8.447700,81.287400
31300,Kantalai,Trincomalee,8.368300,81.028100
31304,Agbopura,Trincomalee,8.324900,80.979400
31306,Kantalai Sugar Factory,Trincomalee,8.346600,81.003700
31308,Wanela,Trincomalee,8.346600,81.003700
31312,Mullipothana,Trincomalee,8.346600,81.003700
31314,Sirajnagar,Trincomalee,8.346600,81.003700
31318,Galmetiyawa,Trincomalee,8.346600,81.003700
32000,Ampara,Ampara,7.297500,81.682000
32006,Deegawapiya,Ampara,7.297500,81.682000
32008,Digamadulla Weeragoda,Ampara,7.297500,81.682000
32010,Hingurana,Ampara,7.214400,81.653700
32012,Moragahapallama,Ampara,7.207600,81.654000
32014,Damana,Ampara,7.200700,81.654200
32016,Madawalalanda,Ampara,7.207600,81.654000
32018,Mahanagapura,Ampara,7.207600,81.654000
32022,Pannalagama,Ampara,7.072400,81.606500
32024,Bakmitiyawa,Ampara,7.019400,81.647800
32031,Paragahakele,Ampara,7.250000,81.600000
32032,Polwaga Janapadaya,Ampara,7.137000,81.519200
32034,Pahalalanda,Ampara,7.137000,81.519200
32035,Koknahara,Ampara,7.186000,81.573300
32037,Namaloya,Ampara,6.995200,81.370300
32038,Devalahinda,Ampara,7.137000,81.519200
32039,Wadinagala,Ampara,7.116700,81.533300
32046,Dadayamtalawa,Ampara,7.197200,81.598900
32048,Siyambalawewa,Ampara,7.197200,81.598900
32050,Central Camp,Ampara,7.197200,81.598900
32060,Uhana,Ampara,7.366700,81.633300
32062,Werunketagoda,Ampara,7.408300,81.633300
32064,Gonagolla,Ampara,7.450000,81.633300
32066,Galapitagala,Ampara,7.408300,81.633300
32068,Rajagalatenna,Ampara,7.408300,81.633300
32069,Mangalagama,Ampara,7.408300,81.633300
32070,Mahaoya,Ampara,7.197200,81.598900
32072,Tempitiya,Ampara,7.197200,81.598900
32074,Kekirihena,Ampara,7.197200,81.598900
32100,Padiyatalawa,Ampara,7.400200,81.242800
32101,Serankada,Ampara,7.457200,81.280800
32102,Kolamanthalawa,Ampara,7.402500,81.274500
32104,Dorakumbura,Ampara,7.350000,81.300000
32120,Nawamedagama,Ampara,7.385200,81.389200
32126,Damanewela,Ampara,7.385200,81.389200
32150,Dehiattakandiya,Ampara,7.385200,81.389200
32155,Siripura,Ampara,7.385200,81.389200
32158,Mawanagama,Ampara,7.385200,81.389200
32198,Malwatta,Ampara,7.333300,81.733300
32200,Samanthurai,Ampara,7.383300,81.833300
32250,Karativu,Ampara,7.383300,81.833300
32280,Sainthamaruthu,Ampara,7.383300,81.833300
32300,Kalmunai,Ampara,7.409000,81.834700
32308,Navithanveli,Ampara,7.433300,81.783300
32314,Marathamune,Ampara,7.450000,81.816700
32316,Periyaneelavanai,Ampara,7.450000,81.816700
32340,Nintavur,Ampara,7.349800,81.853000
32350,Addalaichenai,Ampara,7.266700,81.850000
32354,Palamunai,Ampara,7.266700,81.850000
32360,Oluvil,Ampara,7.283300,81.850000
32400,Akkaraipattu,Ampara,7.216500,81.853800
32405,Kannakipuram,Ampara,7.216500,81.853800
32415,Thambiluvil,Ampara,7.132600,81.851400
32418,Komari,Ampara,6.989700,81.862100
32420,Tirukovil,Ampara,7.120300,81.849000
32450,lmkkamam,Ampara,7.114800,81.854100
32454,Wanagamuwa,Ampara,7.114800,81.854100
32500,Pottuvil,Ampara,6.876200,81.826700
32508,Panama,Ampara,6.755200,81.803600
32512,Lahugala,Ampara,6.914000,81.663900
32514,Hulannuge,Ampara,6.914000,81.663900
40000,Jaffna,Jaffna,9.668400,80.007400
41000,Mannar,Mannar,8.983300,79.900000
43000,Vavuniya,Vavuniya,8.751400,80.497100
50000,Anuradhapura,Anuradhapura,8.356500,80.417300
50004,Perimiyankulama,Anuradhapura,8.266700,80.533300
50006,Galkadawala,Anuradhapura,8.604400,80.681000
50008,Saliyapura,Anuradhapura,8.422500,81.054100
50012,Viharapalugama,Anuradhapura,8.395500,80.310300
50014,Elayapattuwa,Anuradhapura,8.395500,80.310300
50016,Tantirimale,Anuradhapura,8.395500,80.310300
50020,Pemaduwa,Anuradhapura,8.332200,80.364500
50022,Mahawilachchiya,Anuradhapura,8.332200,80.364500
50029,Pandulagama,Anuradhapura,8.332200,80.364500
50036,Gnanikulama,Anuradhapura,8.250000,80.516700
50042,Sravasthipura,Anuradhapura,8.262900,80.432500
50044,Hidogama,Anuradhapura,8.259100,80.398300
50046,Nachchaduwa,Anuradhapura,8.266700,80.466700
50055,Parasangahawewa,Anuradhapura,8.386400,80.372500
50057,Gambirigaswewa,Anuradhapura,8.237700,80.336800
50062,Kurundankulama,Anuradhapura,8.200000,80.450000
50064,Galkulama,Anuradhapura,8.266700,80.500000
50067,Uttimaduwa,Anuradhapura,8.250000,80.550000
50068,Sivalakulama,Anuradhapura,8.250000,80.633300
50072,Tirappane,Anuradhapura,8.300000,80.583300
50080,Maradankadawala,Anuradhapura,8.126800,80.562100
50086,Walagambahuwa,Anuradhapura,8.150000,80.500000
50088,Labunoruwa,Anuradhapura,8.166700,80.600000
50100,Kekirawa,Anuradhapura,8.038500,80.594100
50104,Tammennawa,Anuradhapura,8.090900,80.356000
50110,Vijithapura,Anuradhapura,7.900000,80.526100
50111,Palagala,Anuradhapura,7.900000,80.526100
50112,Andiyagala,Anuradhapura,7.900000,80.526100
50120,Galkiriyagama,Anuradhapura,7.942500,80.565000
50122,Pubbogama,Anuradhapura,7.926100,80.593600
50124,Halmillawa Dambulla,Anuradhapura,7.951700,80.591300
50126,Maha Elagamuwa,Anuradhapura,7.986500,80.615300
50130,Madatugama,Anuradhapura,7.942000,80.628000
50132,Kitulhitiyawa,Anuradhapura,7.918500,80.631000
50142,Ganewalpola,Anuradhapura,8.093300,80.621500
50144,Palugaswewa,Anuradhapura,8.057700,80.707000
50150,Habarana,Anuradhapura,8.036300,80.746700
50169,Awukana,Anuradhapura,7.996900,80.546100
50170,Galnewa,Anuradhapura,8.025700,80.480300
50174,Kalankuttiya,Anuradhapura,8.050000,80.383300
50176,Hurigaswewa,Anuradhapura,8.075900,80.373000
50180,Negampaha,Anuradhapura,7.998000,80.459500
50182,Maneruwa,Anuradhapura,7.917300,80.485900
50184,Siyambalewa,Anuradhapura,7.947400,80.517200
50196,Mahabulankulama,Anuradhapura,7.996900,80.546100
50200,Nochchiyagama,Anuradhapura,8.263100,80.204400
50206,Pahala Halmillewa,Anuradhapura,8.133400,80.359900
50207,Udunuwara Colony,Anuradhapura,8.198200,80.282200
50210,Galadivulwewa,Anuradhapura,7.921800,80.085900
50212,Ranorawa,Anuradhapura,7.926700,80.121300
50214,Dunumadalawa,Anuradhapura,7.916900,80.050500
50220,Pahala Maragahawe,Anuradhapura,8.192900,80.145700
50222,Horiwila,Anuradhapura,8.192900,80.145700
50224,Gemunupura,Anuradhapura,8.192900,80.145700
50226,Kalaoya,Anuradhapura,8.192900,80.145700
50230,Talawa,Anuradhapura,8.236400,80.347600
50232,Karagahawewa,Anuradhapura,8.245300,80.330700
50236,Malwanagama,Anuradhapura,8.240900,80.339100
50240,Tambuttegama,Anuradhapura,8.150000,80.300000
50242,Telhiriyawa,Anuradhapura,8.153500,80.324400
50244,Pahalagama,Anuradhapura,8.198800,80.280800
50246,Rajanganaya,Anuradhapura,8.062000,80.251000
50248,Angamuwa,Anuradhapura,8.181200,80.201300
50259,Kiralogama,Anuradhapura,8.197100,80.379800
50260,Eppawala,Anuradhapura,8.142600,80.403000
50261,Katiyawa,Anuradhapura,7.620800,80.551500
50262,lhala Halmillewa,Anuradhapura,7.881700,80.477200
50270,Mahailluppallama,Anuradhapura,8.105600,80.310700
50280,lpologama,Anuradhapura,8.087500,80.515400
50282,Kagama,Anuradhapura,8.083900,80.558600
50284,Senapura,Anuradhapura,8.091100,80.472200
50288,Kalakarambewa,Anuradhapura,8.087500,80.515400
50300,Mihintale,Anuradhapura,8.359300,80.510300
50304,lhalagama,Anuradhapura,8.359300,80.510300
50306,Mahakanadarawa,Anuradhapura,8.359300,80.510300
50308,Maradankalla,Anuradhapura,8.359300,80.510300
50320,Kahatagasdigiliya,Anuradhapura,8.421400,80.686500
50324,Mulkiriyawa,Anuradhapura,8.421400,80.686500
50326,Parakumpura,Anuradhapura,8.421400,80.686500
50327,Mahapothana,Anuradhapura,8.421400,80.686500
50334,Megodawewa,Anuradhapura,8.233300,80.733300
50338,Padikaramaduwa,Anuradhapura,8.233300,80.733300
50339,Namalpura,Anuradhapura,8.233300,80.733300
50344,Muriyakadawala,Anuradhapura,8.233300,80.650000
50349,Morakewa,Anuradhapura,8.505200,80.788700
50350,Horawpatana,Anuradhapura,8.388900,80.766000
50354,Parangiyawadiya,Anuradhapura,8.494500,80.865400
50356,Dematawewa,Anuradhapura,8.283300,80.666700
50358,Welimuwapotana,Anuradhapura,8.388900,80.766000
50370,Kapugallawa,Anuradhapura,8.355800,80.689400
50380,Seeppukulama,Anuradhapura,8.380400,80.588800
50382,Upuldeniya,Anuradhapura,8.391600,80.607900
50384,Mailagaswewa,Anuradhapura,8.391600,80.607900
50386,Rampathwila,Anuradhapura,8.402800,80.626900
50390,Galenbindunuwewa,Anuradhapura,8.283300,80.716700
50392,Getalawa,Anuradhapura,8.300000,80.733300
50393,Dutuwewa,Anuradhapura,8.316700,80.750000
50394,Hurulunikawewa,Anuradhapura,8.300000,80.733300
50448,Pandukabayapura,Anuradhapura,8.466100,80.548400
50450,Rambewa,Anuradhapura,8.442300,80.505400
50452,Kendewa,Anuradhapura,8.485800,80.606700
50454,Kallanchiya,Anuradhapura,8.459200,80.564300
50492,Wahamalgollewa,Anuradhapura,8.477100,80.517300
50500,Medawachchiya,Anuradhapura,8.534500,80.492300
50500,Kebithigollewa,Anuradhapura,8.534500,80.492300
50506,Punewa,Anuradhapura,8.611300,80.471500
50511,Kirigalwewa,Anuradhapura,8.494100,80.480100
50512,Pihimbiyagolewa,Anuradhapura,8.494100,80.480100
50514,Rathmalgahawewa,Anuradhapura,8.494100,80.480100
50516,Walahaviddawewa,Anuradhapura,8.494100,80.480100
50518,Etaweeragollewa,Anuradhapura,8.494100,80.480100
50552,Halmillawetiya,Anuradhapura,8.340700,80.279600
50554,Gonahaddenawa,Anuradhapura,8.528700,80.514800
50556,Kalawedi Ulpotha,Anuradhapura,8.528700,80.514800
50558,Tittagonewa,Anuradhapura,8.716700,80.750000
50562,Kahatagollewa,Anuradhapura,8.444500,80.647000
50564,Wahalkada,Anuradhapura,8.380700,80.443600
50566,Bogahawewa,Anuradhapura,8.316900,80.240100
50567,Pulmoddai,Anuradhapura,8.380700,80.443600
50570,Padaviya,Anuradhapura,8.494100,80.480100
50572,Padavi Maithripura,Anuradhapura,8.494100,80.480100
50574,Mahasenpura,Anuradhapura,8.494100,80.480100
50582,Padavi Parakramapura,Anuradhapura,8.494100,80.480100
50584,Etawatunuwewa,Anuradhapura,8.494100,80.480100
50586,Welioya Project,Anuradhapura,8.494100,80.480100
50587,Padavi Sripura,Anuradhapura,8.494100,80.480100
50588,Padavi Sritissapura,Anuradhapura,8.494100,80.480100
51000,Polonnaruwa,Polonnaruwa,7.939700,81.002700
51002,Kalingaela,Polonnaruwa,7.961500,81.043000
51004,Onegama,Polonnaruwa,7.983300,81.083300
51006,Lakshauyana,Polonnaruwa,7.961500,81.043000
51008,Unagalavehera,Polonnaruwa,7.961500,81.043000
51014,Alutwewa,Polonnaruwa,7.950000,80.550000
51016,Parakramasamudraya,Polonnaruwa,7.950000,80.000000
51026,Giritale,Polonnaruwa,7.983300,80.933300
51031,Dimbulagala,Polonnaruwa,7.916700,80.550000
51032,Kashyapapura,Polonnaruwa,7.916700,80.550000
51033,Pelatiyawa,Polonnaruwa,7.916700,80.550000
51034,Ellewewa,Polonnaruwa,7.916700,80.550000
51037,Kalukele Badanagala,Polonnaruwa,7.916700,80.550000
51039,Nuwaragala,Polonnaruwa,7.916700,80.550000
51042,Wijayabapura,Polonnaruwa,8.016700,81.083300
51044,Talpotha,Polonnaruwa,8.016700,81.083300
51046,Palugasdamana,Polonnaruwa,8.016700,81.083300
51049,Tambala,Polonnaruwa,8.016700,81.083300
51050,Pulastigama,Polonnaruwa,7.967500,80.957200
51052,Sungavila,Polonnaruwa,7.967500,80.957200
51062,Sevanapitiya,Polonnaruwa,7.966700,81.166700
51064,Mutugala,Polonnaruwa,7.966700,81.166700
51066,Nawasenapura,Polonnaruwa,7.966700,81.166700
51070,Welikanda,Polonnaruwa,7.951600,81.245200
51072,Aselapura,Polonnaruwa,7.951600,81.245200
51076,Mahawela Sinhapura,Polonnaruwa,7.951600,81.245200
51089,Tamankaduwa,Polonnaruwa,7.967500,80.957200
51090,Mampitiya,Polonnaruwa,7.967500,80.957200
51092,Dalukana,Polonnaruwa,7.967500,80.957200
51094,Dewagala,Polonnaruwa,7.967500,80.957200
51096,Nelumwewa,Polonnaruwa,7.967500,80.957200
51098,Hansayapalama,Polonnaruwa,7.967500,80.957200
51100,Aralaganwila,Polonnaruwa,7.891200,80.795700
51102,Pimburattewa,Polonnaruwa,7.891200,80.795700
51104,Divuldamana,Polonnaruwa,7.891200,80.795700
51106,Damminna,Polonnaruwa,7.891200,80.795700
51108,Maduruoya,Polonnaruwa,7.891200,80.795700
51225,Diyabeduma,Polonnaruwa,7.883300,80.883300
51235,Attanakadawala,Polonnaruwa,7.850000,80.866700
51244,Kottapitiya,Polonnaruwa,7.812500,80.840000
51246,Jayasiripura,Polonnaruwa,7.812500,80.840000
51250,Bakamuna,Polonnaruwa,7.783300,80.816700
51256,Orubendi Siyambalawa,Polonnaruwa,7.753900,80.802500
51258,Elahera,Polonnaruwa,7.724400,80.788300
51375,Galoya Junction,Polonnaruwa,7.891200,80.795700
51378,Sinhagama,Polonnaruwa,7.891200,80.795700
51400,Hingurakgoda,Polonnaruwa,8.033300,80.950000
51408,Hingurakdamana,Polonnaruwa,8.037500,81.029700
51410,Minneriya,Polonnaruwa,8.046500,80.902500
51412,Kumaragama,Polonnaruwa,7.756900,80.386200
51414,Kawudulla,Polonnaruwa,7.756900,80.386200
51416,Galamuna,Polonnaruwa,7.467300,79.869900
51422,Yodaela,Polonnaruwa,7.578100,79.868100
51424,Yudaganawa,Polonnaruwa,7.578100,79.868100
51428,Divulankadawala,Polonnaruwa,7.578100,79.868100
51500,Medirigiriya,Polonnaruwa,7.900000,80.483300
51504,Diyasenpura,Polonnaruwa,7.900000,80.483300
51506,Mahatalakolawewa,Polonnaruwa,7.900000,80.483300
51508,Meegaswewa,Polonnaruwa,7.900000,80.483300
51514,Kawuduluwewa Stagell,Polonnaruwa,7.900000,80.483300
51518,Maha Ambagaswewa,Polonnaruwa,7.900000,80.483300
60000,Kurunegala,Kurunegala,7.486300,80.362300
60003,Kudagalgamuwa,Kurunegala,7.535100,80.332100
60004,Minhettiya,Kurunegala,7.584000,80.301800
60013,Doratiyawa,Kurunegala,7.457800,80.383000
60016,Indulgodakanda,Kurunegala,7.425300,80.408400
60024,Demataluwa,Kurunegala,7.521900,80.289800
60025,Ithanawatta,Kurunegala,7.447800,80.347500
60027,Boyagane,Kurunegala,7.450100,80.341500
60028,Kohilagedara,Kurunegala,7.414100,80.365900
60029,Kosgolla,Kurunegala,7.405200,80.392700
60034,Hindagolla,Kurunegala,7.484000,80.411800
60036,Ambakote,Kurunegala,7.492000,80.453200
60038,Morathiha,Kurunegala,7.507300,80.487500
60040,Ridigama,Kurunegala,7.547300,80.496300
60044,Delwite,Kurunegala,7.510200,80.521100
60045,Iriyagolla,Kurunegala,7.473100,80.545800
60047,Alawatuwala,Kurunegala,7.510200,80.521100
60052,Panagamuwa,Kurunegala,7.555100,80.457700
60053,Pihimbuwa,Kurunegala,7.460700,80.517100
60054,Kanadeniyawala,Kurunegala,7.438200,80.541000
60058,Pilessa,Kurunegala,7.454600,80.414100
60060,Mawathagama,Kurunegala,7.408600,80.309100
60062,Kahapathwala,Kurunegala,7.293400,80.455700
60064,Inguruwatta,Kurunegala,7.178300,80.602300
60066,Meetanwala,Kurunegala,7.293400,80.455700
60072,Puswelitenna,Kurunegala,7.374600,80.366400
60074,Anhandiya,Kurunegala,7.262000,80.265100
60076,Buluwala,Kurunegala,7.487300,80.467600
60080,Weuda,Kurunegala,7.410400,80.481400
60094,Uhumiya,Kurunegala,7.463000,80.292400
60096,Kalugamuwa,Kurunegala,7.449800,80.261400
60100,Narammala,Kurunegala,7.433700,80.197100
60106,Karagahagedara,Kurunegala,7.499600,80.054800
60107,Bogamulla,Kurunegala,7.466600,80.126000
60108,Lonahettiya,Kurunegala,7.466600,80.126000
60112,Pahamune,Kurunegala,7.477400,80.196100
60121,Metiyagane,Kurunegala,7.397200,80.174500
60122,Muruthenge,Kurunegala,7.397200,80.174500
60130,Dambadeniya,Kurunegala,7.363300,80.165300
60135,Ihala Katugampala,Kurunegala,7.363300,80.165300
60140,Giriulla,Kurunegala,7.321100,80.123500
60152,Narangoda,Kurunegala,7.375300,80.081300
60155,Bopitiya,Kurunegala,7.319100,80.082400
60156,Elibichchiya,Kurunegala,7.314600,80.051600
60160,Pannala,Kurunegala,7.333000,80.032900
60162,Labbala,Kurunegala,7.342300,80.079000
60170,Gonawila,Kurunegala,7.320400,79.997400
60174,Daraluwa,Kurunegala,7.357300,79.982900
60176,Sandalankawa,Kurunegala,7.338900,79.990100
60181,Horambawa,Kurunegala,7.447500,80.181900
60182,Alahitiyawa,Kurunegala,7.474100,80.170900
60183,Kekunagolla,Kurunegala,7.493900,80.169700
60184,Kirimetiyawa,Kurunegala,7.510400,80.136000
60186,Nakkawatta,Kurunegala,7.454100,80.135800
60188,Kithalawa,Kurunegala,7.476000,80.158900
60195,Wewagama,Kurunegala,7.416700,80.100000
60198,Walakumburumulla,Kurunegala,7.421700,80.011900
60200,Kuliyapitiya,Kurunegala,7.468800,80.040100
60202,Yakwila,Kurunegala,7.384300,80.035500
60204,Wadumunnegedara,Kurunegala,7.407300,79.973100
60206,Welpalla,Kurunegala,7.437400,80.055400
60208,Thalahitimulla,Kurunegala,7.428000,80.019400
60209,Madakumburumulla,Kurunegala,7.442000,79.993000
60211,Ihala Gomugomuwa,Kurunegala,7.513500,80.075400
60212,Kirindawa,Kurunegala,7.498200,80.097700
60214,Anukkane,Kurunegala,7.501300,80.112300
60218,Munamaldeniya,Kurunegala,7.546900,80.065200
60221,Magulagama,Kurunegala,7.541300,80.094100
60226,Nagollagoda,Kurunegala,7.525500,80.064300
60227,Tharana Udawela,Kurunegala,7.525500,80.064300
60228,Deegalla,Kurunegala,7.509700,80.034600
60232,llukhena,Kurunegala,7.547700,79.979700
60236,Padiwela,Kurunegala,7.547700,79.979700
60238,lhala Kadigamuwa,Kurunegala,7.547700,79.979700
60240,Welipennagahamulla,Kurunegala,7.432800,79.925300
60250,Udubaddawa,Kurunegala,7.475900,79.965500
60260,Dummalasuriya,Kurunegala,7.489300,79.892500
60262,Watuwatta,Kurunegala,7.524100,79.919300
60266,Etungahakotuwa,Kurunegala,7.520900,79.971600
60280,Alawwa,Kurunegala,7.297100,80.234300
60284,Wennoruwa,Kurunegala,7.364600,80.218300
60286,Maharachchimulla,Kurunegala,7.343400,80.208200
60288,Keppitiwalana,Kurunegala,7.326000,80.182100
60291,Bujjomuwa,Kurunegala,7.455800,80.051100
60292,Nawatalwatta,Kurunegala,7.455800,80.051100
60300,Polgahawela,Kurunegala,7.338100,80.300300
60304,Metikumbura,Kurunegala,7.359000,80.313900
60306,Talawattegedara,Kurunegala,7.381600,80.298900
60308,Aragoda,Kurunegala,7.357300,80.342500
60312,Panaliya,Kurunegala,7.339100,80.335000
60314,Yatigaloluwa,Kurunegala,7.331500,80.263300
60318,Wadakada,Kurunegala,7.399000,80.264100
60330,Pothuhera,Kurunegala,7.421400,80.330300
60344,Maspotha,Kurunegala,7.866700,80.216700
60347,Bamunukotuwa,Kurunegala,7.866700,80.216700
60348,Panadaragama,Kurunegala,7.866700,80.216700
60350,Katupota,Kurunegala,7.537000,80.189900
60354,Moragane,Kurunegala,7.550100,80.140600
60356,Kosdeniya,Kurunegala,7.572400,80.139700
60400,Wariyapola,Kurunegala,7.617700,80.245000
60402,Wellagala,Kurunegala,7.617600,80.281500
60404,Malagane,Kurunegala,7.660800,80.283900
60406,Minuwangete,Kurunegala,7.716700,80.250000
60408,Mirihanagama,Kurunegala,7.653200,80.265100
60410,Kobeigane,Kurunegala,7.656900,80.130700
60414,Hengamuwa,Kurunegala,7.700000,80.100000
60416,Alahengama,Kurunegala,7.678400,80.115400
60422,Kanattewewa,Kurunegala,7.616700,80.200000
60424,Bandara Koswatta,Kurunegala,7.609500,80.172100
60426,Tuttiripitigama,Kurunegala,7.602300,80.144200
60430,Hettipola,Kurunegala,7.603300,80.075200
60434,Mandapola,Kurunegala,7.633800,80.106100
60436,Sunandapura,Kurunegala,7.637700,80.063700
60437,Boraluwewa,Kurunegala,7.683300,80.050000
60438,Kuratihena,Kurunegala,7.630400,80.023500
60439,Pihimbiya Ratmale,Kurunegala,7.637700,80.063700
60441,Halmillawewa,Kurunegala,7.596300,80.003400
60450,Bingiriya,Kurunegala,7.600400,79.934500
60453,Tisogama,Kurunegala,7.604900,79.944300
60454,Weerapokuna,Kurunegala,7.647600,79.990400
60456,Wellarawa,Kurunegala,7.566600,79.908000
60458,Hiruwalpola,Kurunegala,7.604900,79.944300
60461,Padeniya,Kurunegala,7.655600,80.222300
60462,Awulegama,Kurunegala,7.655600,80.222300
60464,Welawa Juncton,Kurunegala,7.655600,80.222300
60465,Wannigama,Kurunegala,7.655600,80.222300
60470,Nikaweratiya,Kurunegala,7.750300,80.115900
60472,Divullegoda,Kurunegala,7.750000,80.200000
60474,Hulogedara,Kurunegala,7.783300,80.183300
60476,Thimbiriyawa,Kurunegala,7.766700,80.133300
60477,Hulugalla,Kurunegala,7.782500,80.137800
60478,Sirisetagama,Kurunegala,7.777700,80.150600
60479,Mahagirilla,Kurunegala,7.833300,80.133300
60482,Nabadewa,Kurunegala,7.683300,80.066700
60483,Kotawehera,Kurunegala,7.791100,80.102300
60484,Meewellawa,Kurunegala,7.850000,80.150000
60485,Digannewa,Kurunegala,7.881100,80.109200
60486,Hilogama,Kurunegala,7.750000,80.083300
60490,Wannirasnayakapura,Kurunegala,7.685100,80.154100
60492,Kadigawa,Kurunegala,7.715000,79.989600
60495,Monnekulama,Kurunegala,7.833300,80.066700
60499,Torayaya,Kurunegala,7.506900,80.406100
60500,lbbagamuwa,Kurunegala,7.597900,80.457000
60502,Kirindigalla,Kurunegala,7.561700,80.480700
60506,Kumbukwewa,Kurunegala,7.634200,80.433300
60508,Kumbukgeta,Kurunegala,7.597900,80.457000
60512,Maeliya,Kurunegala,7.741100,80.416900
60514,Makulpotha,Kurunegala,7.742200,80.446700
60516,Mahamukalanyaya,Kurunegala,7.741700,80.431800
60518,Periyakadneluwa,Kurunegala,7.741700,80.431800
60522,Gokaralla,Kurunegala,7.653900,80.436700
60530,Dodangaslanda,Kurunegala,7.572900,80.537700
60532,Maduragoda,Kurunegala,7.572900,80.537700
60540,Melsiripura,Kurunegala,7.644200,80.509500
60544,Diddeniya,Kurunegala,7.672900,80.479300
60546,Hiriyala Lenawa,Kurunegala,7.666800,80.479600
60548,Kimbulwanaoya,Kurunegala,7.666800,80.479600
60549,Nelliya,Kurunegala,7.683300,80.450000
60552,Madahapola,Kurunegala,7.706100,80.496400
60554,Pansiyagama,Kurunegala,7.706100,80.496400
60558,Panliyadda,Kurunegala,7.706100,80.496400
60570,Wellawa,Kurunegala,7.555600,80.372800
60572,Thalwita,Kurunegala,7.583000,80.366700
60578,Makulwewa,Kurunegala,7.610300,80.360700
60580,Nikadalupotha,Kurunegala,7.609700,80.392500
60582,Hunupola,Kurunegala,7.609700,80.392500
60584,Thambagalla,Kurunegala,7.609700,80.392500
60590,Nagollagama,Kurunegala,7.766700,80.300000
60600,Maho,Kurunegala,7.822800,80.277800
60602,Karambe,Kurunegala,7.783300,80.333300
60604,Balalla,Kurunegala,7.800000,80.250000
60606,Ridibendiella,Kurunegala,7.802000,80.287000
60612,Medivawa,Kurunegala,7.749800,80.376200
60620,Polpitigama,Kurunegala,7.814200,80.404200
60622,Ulpotha Pallekele,Kurunegala,7.807100,80.418800
60624,Thalakolawewa,Kurunegala,7.800000,80.433300
60630,Konwewa,Kurunegala,7.683300,80.416700
60640,Moragollagama,Kurunegala,7.750000,80.300000
60646,Siyambalangamuwa,Kurunegala,7.673400,80.474800
60650,Ambanpola,Kurunegala,7.621400,80.495800
60700,Galgamuwa,Kurunegala,7.996500,80.267500
60704,Palukadawala,Kurunegala,7.947000,80.281100
60706,Ataragalla,Kurunegala,7.971800,80.274300
60712,Gallewa,Kurunegala,7.964500,80.323200
60714,Makulewa,Kurunegala,8.098700,80.342700
60716,Ehetuwewa,Kurunegala,7.933400,80.340000
60718,Embogama,Kurunegala,7.915000,80.362600
60721,Wannikudawewa,Kurunegala,8.010700,80.297900
60722,Wannilhalagama,Kurunegala,8.010700,80.297900
60724,Mahananneriya,Kurunegala,8.010700,80.297900
60731,Mahagalkadawala,Kurunegala,8.061700,80.293600
60732,Usgala Siyabmalangamuwa,Kurunegala,8.086200,80.227100
60734,Tambutta,Kurunegala,8.080600,80.231100
60735,Pahalagiribawa,Kurunegala,8.086200,80.227100
60736,Saliya Asokapura,Kurunegala,8.086200,80.227100
60737,Solepura,Kurunegala,8.086200,80.227100
60738,Solewewa,Kurunegala,8.086200,80.227100
60739,Warawewa,Kurunegala,8.116200,80.156500
60750,Meegalawa,Kurunegala,7.993500,80.381000
60752,Girathalana,Kurunegala,7.993500,80.381000
60754,Kudakatnoruwa,Kurunegala,7.993500,80.381000
61000,Chilaw,Puttalam,7.575800,79.795300
61004,Udappuwa,Puttalam,7.747700,79.787800
61006,Wijeyakatupotha,Puttalam,7.661800,79.791500
61008,Wilpotha,Puttalam,7.661800,79.791500
61012,Adippala,Puttalam,7.578900,79.842800
61014,Mugunuwatawana,Puttalam,7.586100,79.855000
61018,Ilippadeniya,Puttalam,7.571600,79.830700
61022,Karawitagara,Puttalam,7.530300,79.792900
61024,Ambakandawila,Puttalam,7.530300,79.792900
61032,Kumarakattuwa,Puttalam,7.657700,79.898200
61040,Pallama,Puttalam,7.684100,79.918300
61042,Serukele,Puttalam,7.731300,79.916300
61110,Waikkal,Puttalam,7.283300,79.850000
61120,Nainamadama,Puttalam,7.374000,79.884200
61130,Dankotuwa,Puttalam,7.296400,79.871500
61136,Bujjampola,Puttalam,7.329900,79.927200
61138,Lihiriyagama,Puttalam,7.346100,79.928600
61144,Yogiyana,Puttalam,7.291500,79.921200
61150,Lunuwila,Puttalam,7.346200,79.863400
61154,Ihala Kottaramulla,Puttalam,7.382000,79.874900
61158,Koswatta,Puttalam,7.369200,79.893000
61162,Pothuwatawana,Puttalam,7.492100,79.910900
61170,Wennappuwa,Puttalam,7.345400,79.838600
61180,Katuneriya,Puttalam,7.368500,79.831400
61190,Nattandiya,Puttalam,7.412300,79.862400
61192,Dunkannawa,Puttalam,7.426500,79.898500
61195,Muttibendiwila,Puttalam,7.454100,79.880600
61198,Watugahamulla,Puttalam,7.466200,79.910100
61210,Marawila,Puttalam,7.410600,79.828000
61220,Mahawewa,Puttalam,7.513900,79.920700
61224,Toduwawa,Puttalam,7.492500,79.806100
61226,Kudawewa,Puttalam,7.885700,80.031200
61230,Madampe,Puttalam,7.497900,79.838100
61233,Galmuruwa,Puttalam,7.500000,79.883300
61234,Panirendawa,Puttalam,7.557500,79.884600
61236,Kakkapalliya,Puttalam,7.530600,79.818900
61238,Bangadeniya,Puttalam,7.627000,79.819500
61242,Rajakadaluwa,Puttalam,7.651900,79.833900
61244,Nalladarankattuwa,Puttalam,7.694600,79.836300
61246,Battuluoya,Puttalam,7.673300,79.835100
61250,Mundel,Puttalam,7.808700,79.824600
61252,Kottantivu,Puttalam,7.851300,79.789900
61262,Baranankattuwa,Puttalam,7.793100,79.860100
61264,Angunawila,Puttalam,7.775300,79.858100
61266,Mangalaeliya,Puttalam,7.850100,79.815600
61270,Madurankuliya,Puttalam,7.870100,79.822900
61272,Mahakumbukkadawala,Puttalam,7.839300,79.892400
61274,Mukkutoduwawa,Puttalam,7.901000,79.753400
61280,Palaviya,Puttalam,7.676700,79.849700
61300,Puttalam,Puttalam,8.036200,79.828300
61302,Ismailpuram,Puttalam,8.036200,79.828300
61306,Vanathawilluwa,Puttalam,8.036200,79.828300
61307,Karativponparappi,Puttalam,8.036200,79.828300
61308,Eluwankulama,Puttalam,8.036200,79.828300
61312,Sirambiadiya,Puttalam,8.112000,80.005900
61314,Karuwalagaswewa,Puttalam,8.063800,79.975700
61316,Ihala Puliyankulama,Puttalam,8.160100,80.036000
61322,Tabbowa,Puttalam,8.099300,79.868400
61324,Saliyawewa Junction,Puttalam,8.099300,79.868400
61326,Puttalam Cement Factory,Puttalam,8.099300,79.868400
61328,Attawilluwa,Puttalam,8.099300,79.868400
61341,Mampuri,Puttalam,7.999100,79.739100
61342,Norachcholai,Puttalam,7.999100,79.739100
61343,Ettale,Puttalam,7.999100,79.739100
61344,Talawila Church,Puttalam,7.999100,79.739100
61354,Palliwasalturai,Puttalam,8.099300,79.868400
61356,Kurinjanpitiya,Puttalam,8.099300,79.868400
61358,Kandakuliya,Puttalam,8.099300,79.868400
61360,Kalpitiya,Puttalam,8.237200,79.762800
61362,Kirimundalama,Puttalam,8.237200,79.762800
61500,Anamaduwa,Puttalam,7.878600,80.008000
61502,Uridyawa,Puttalam,7.822600,79.971500
61504,Siyambalagashene,Puttalam,7.822600,79.971500
61506,Mudalakkuliya,Puttalam,7.812400,79.960000
61508,Andigama,Puttalam,7.776800,79.946500
61512,Mahauswewa,Puttalam,7.953600,80.057300
61514,Inginimitiya,Puttalam,7.946800,80.127700
61516,Kuruketiyawa,Puttalam,8.024600,80.051300
61532,Kottukachchiya,Puttalam,7.952400,79.928000
61534,Kalladiya,Puttalam,7.952400,79.928000
70000,Ratnapura,Ratnapura,6.682800,80.399200
70001,Malwala Junction,Ratnapura,6.707000,80.433600
70002,Gillimale,Ratnapura,6.729200,80.439000
70004,Sri Palabaddala,Ratnapura,6.783800,80.446200
70005,Kudawa,Ratnapura,6.743200,80.477200
70012,Hidellana,Ratnapura,6.716100,80.379500
70016,Kahangama,Ratnapura,6.698300,80.368800
70017,Dodampe,Ratnapura,6.727200,80.325500
70018,Karangoda,Ratnapura,6.682100,80.367400
70019,Dambuluwana,Ratnapura,6.710500,80.332400
70021,Medagalatur,Ratnapura,6.640500,80.286700
70024,Ayagama,Ratnapura,6.635800,80.308300
70026,Gawaragiriya,Ratnapura,6.645300,80.265200
70032,Elapatha,Ratnapura,6.654600,80.371200
70034,Udaniriella,Ratnapura,6.654600,80.371200
70036,Ratna Hangamuwa,Ratnapura,6.654600,80.371200
70038,Niralagama,Ratnapura,6.654600,80.371200
70041,Marapana,Ratnapura,6.644400,80.444600
70042,Dela,Ratnapura,6.619500,80.450200
70044,Udakarawita,Ratnapura,6.581000,80.453400
70045,Pebotuwa,Ratnapura,6.543400,80.452800
70046,Delwala,Ratnapura,6.516900,80.465800
70056,Lellopitiya,Ratnapura,6.662700,80.484700
70062,Gallella,Ratnapura,6.855000,80.355400
70066,Wewelwatta,Ratnapura,6.855000,80.355400
70070,Pelmadulla,Ratnapura,6.622200,80.541000
70080,Opanayaka,Ratnapura,6.608100,80.618100
70082,Akarella,Ratnapura,6.577300,80.668600
70100,Balangoda,Ratnapura,6.646600,80.700700
70101,Talakolahinna,Ratnapura,6.611200,80.714200
70104,Weligepola,Ratnapura,6.568300,80.715000
70105,Hatangala,Ratnapura,6.536600,80.745500
70106,Handagiriya,Ratnapura,6.523900,80.808500
70108,Hatarabage,Ratnapura,6.655200,80.757100
70112,Mahawalatenna,Ratnapura,6.588100,80.746000
70114,Wikiliya,Ratnapura,6.619200,80.741500
70116,Rajawaka,Ratnapura,6.600300,80.797600
70117,Mulgama,Ratnapura,6.642700,80.815500
70118,Tanjantenna,Ratnapura,6.632800,80.854800
70122,Kaltota,Ratnapura,6.682100,80.675700
70124,Welipathayaya,Ratnapura,6.682100,80.675700
70127,Meddekanda,Ratnapura,6.676300,80.662500
70129,Morahela,Ratnapura,6.687800,80.689000
70130,Pinnawala,Ratnapura,6.708700,80.678900
70131,Bolthumbe,Ratnapura,6.710000,80.639800
70133,Pambagolla,Ratnapura,6.728200,80.692100
70134,lmbulpe,Ratnapura,6.710000,80.639800
70135,Rassagala,Ratnapura,6.692200,80.638500
70136,Gurubewilagama,Ratnapura,6.691100,80.576000
70138,Waleboda,Ratnapura,6.729800,80.613500
70140,Belihuloya,Ratnapura,6.718100,80.767100
70142,Samanalawewa,Ratnapura,6.718100,80.767100
70144,Ihalagama,Ratnapura,6.718100,80.767100
70145,Halpe,Ratnapura,6.718100,80.767100
70150,Kahawatta,Ratnapura,6.582500,80.575500
70152,Panapitiya,Ratnapura,6.526000,80.558100
70154,Udaha Hawupe,Ratnapura,6.539300,80.548400
70156,Gabbela,Ratnapura,6.516800,80.545100
70158,Madalagama,Ratnapura,6.531700,80.515000
70160,Godakawela,Ratnapura,6.506300,80.643400
70162,Ranwala,Ratnapura,6.902200,80.426700
70164,Hapugastenna,Ratnapura,7.088100,80.171300
70165,NawinnaPinnakanda,Ratnapura,6.832200,80.413800
70170,Pallebedda,Ratnapura,6.454400,80.738800
70171,Halwinna,Ratnapura,6.443000,80.717500
70180,Kolambageara,Ratnapura,6.636000,80.664500
70190,Udawalawe,Ratnapura,6.636000,80.664500
70195,Gangeyaya,Ratnapura,6.636000,80.664500
70200,Embilipitiya,Ratnapura,6.343900,80.848900
70205,Tunkama,Ratnapura,6.290000,80.894300
70212,Mulendiyawala,Ratnapura,6.294500,80.762500
70215,Omalpe,Ratnapura,6.329200,80.691800
70218,Panamura,Ratnapura,6.311800,80.727100
70230,Padalangala,Ratnapura,6.267500,80.902200
70250,Sewanagala,Moneragala,6.342400,80.784700
70252,Kiriibbanwewa,Moneragala,6.342400,80.784700
70254,Ekamutugama,Moneragala,6.342400,80.784700
70256,Mahagama Colony,Moneragala,6.342400,80.784700
70294,Atakalanpanna,Ratnapura,6.529300,80.608500
70296,Hiramadagama,Ratnapura,6.529300,80.608500
70298,Makandura Sabara,Ratnapura,6.529300,80.608500
70300,Rakwana,Ratnapura,6.472500,80.610600
70332,Demuwatha,Ratnapura,6.418800,80.638700
70338,Pothupitiya,Ratnapura,6.418800,80.638700
70342,Ittakanda,Ratnapura,6.400300,80.628800
70344,Bomluwageaina,Ratnapura,6.400300,80.628800
70345,Ullinduwawa,Ratnapura,6.364900,80.608900
70346,Bulutota,Ratnapura,6.435700,80.648800
70348,Vijeriya,Ratnapura,6.400300,80.628800
70350,Kolonna,Ratnapura,6.402100,80.686500
70352,Kella Junction,Ratnapura,6.402100,80.686500
70400,Nivitigala,Ratnapura,6.609400,80.418600
70403,Kolombugama,Ratnapura,6.568100,80.494700
70404,Doloswalakanda,Ratnapura,6.557300,80.467000
70408,Watapotha,Ratnapura,6.590500,80.503300
70450,Kalawana,Ratnapura,6.539100,80.403900
70455,Daugala,Ratnapura,6.495200,80.423200
70456,Waturawa,Ratnapura,6.489000,80.427600
70459,Veddagala,Ratnapura,6.457400,80.438100
70461,Panapola,Ratnapura,6.432900,80.455000
70469,Nawalakanda,Ratnapura,6.512400,80.331500
70472,Pimbura,Ratnapura,6.572800,80.169000
70480,Kiriella,Ratnapura,6.744600,80.266200
70482,Matuwagalagama,Ratnapura,6.774500,80.234400
70488,Karandana,Ratnapura,6.804500,80.202700
70492,Ellagawa,Ratnapura,6.735900,80.218800
70494,Minipura Dumbara,Ratnapura,6.735900,80.218800
70495,Dumbara Manana,Ratnapura,6.735900,80.218800
70500,Kuruwita,Ratnapura,6.776500,80.362100
70502,Sudagala,Ratnapura,6.792800,80.391300
70504,Batatota,Ratnapura,6.826700,80.367300
70506,Eratna,Ratnapura,6.798700,80.373600
70512,Teppanawa,Ratnapura,6.780400,80.316400
70550,Parakaduwa,Ratnapura,6.827100,80.312600
70552,Ellaulla,Ratnapura,6.855900,80.312300
70556,Godagampola,Ratnapura,6.884800,80.311900
70600,Eheliyagoda,Ratnapura,6.850200,80.262400
70602,Erepola,Ratnapura,6.812600,80.242700
70604,Mitipola,Ratnapura,6.827900,80.225100
70606,Ellawala,Ratnapura,6.809200,80.269900
70612,Panawala,Ratnapura,6.886700,80.271600
70620,Getahetta,Ratnapura,6.905200,80.219300
71000,Kegalle,Kegalle,7.252300,80.343600
71009,Deldeniya,Kegalle,7.286300,80.362600
71014,Hiriwadunna,Kegalle,7.287000,80.378300
71016,Molagoda,Kegalle,7.257800,80.381900
71022,Deewala Pallegama,Kegalle,7.239300,80.285700
71029,Yattogoda,Kegalle,7.239300,80.285700
71034,Damunupola,Kegalle,7.181300,80.333900
71035,Watura,Kegalle,7.184500,80.379400
71037,Debathgama,Kegalle,7.180700,80.425100
71039,Pothukoladeniya,Kegalle,7.182200,80.379500
71041,Aruggammana,Kegalle,7.130500,80.299100
71044,Beligala(Sab),Kegalle,7.218900,80.301700
71046,Helamada,Kegalle,7.307300,80.304300
71050,Dewalegama,Kegalle,7.280100,80.318600
71055,Imbulgasdeniya,Kegalle,7.310100,80.316100
71060,Nelundeniya,Kegalle,7.226700,80.272800
71062,Tuntota,Kegalle,7.494400,79.909400
71063,Mahapallegama,Kegalle,7.360500,80.091100
71100,Rambukkana,Kegalle,7.316400,80.390600
71105,Parape,Kegalle,7.366700,80.416700
71106,Thotawella,Kegalle,7.356300,80.398300
71108,Hewadiwela,Kegalle,7.385800,80.387800
71113,Udagaldeniya,Kegalle,7.351100,80.351100
71115,Dombemada,Kegalle,7.379800,80.346900
71116,Yatagama,Kegalle,7.322400,80.355200
71130,Pattampitiya,Kegalle,7.312400,80.433900
71200,Undugoda,Kegalle,7.145600,80.363300
71202,Kabagamuwa,Kegalle,7.133500,80.338900
71204,Alawatura,Kegalle,7.125900,80.324600
71208,Bossella,Kegalle,7.147100,80.399200
71210,Hettimulla,Kegalle,7.209400,80.358000
71211,Maharangalla,Kegalle,7.209400,80.358000
71220,Morontota,Kegalle,7.173000,80.361200
71222,Gantuna,Kegalle,7.173000,80.361200
71230,Bulathkohupitiya,Kegalle,7.103200,80.334400
71232,Ampagala,Kegalle,7.067300,80.295500
71234,Wegalla,Kegalle,7.096700,80.304100
71236,Udapotha,Kegalle,7.082100,80.375900
71237,Dedugala,Kegalle,7.099100,80.401600
71300,Ruwanwella,Kegalle,7.042700,80.251700
71303,Wahakula,Kegalle,7.059300,80.208400
71304,Waharaka,Kegalle,7.096000,80.187800
71312,Galpatha(Sab),Kegalle,7.049400,80.232400
71313,Imbulana,Kegalle,7.063200,80.254400
71315,Lewangama,Kegalle,7.049400,80.232400
71318,Gonagala,Kegalle,7.035600,80.210400
71320,Amitirigala,Kegalle,7.027300,80.183600
71321,Batuwita,Kegalle,7.053700,80.170100
71325,Malmaduwa,Kegalle,7.136400,80.273800
71326,Yatapana,Kegalle,7.136900,80.306800
71350,Galigamuwa Town,Kegalle,7.203200,80.295600
71352,Hakahinna,Kegalle,7.203200,80.295600
71360,Pitagaldeniya,Kegalle,7.145300,80.283900
71363,Atale,Kegalle,7.145300,80.283900
71370,Kotiyakumbura,Kegalle,7.123800,80.286400
71372,Kannattota,Kegalle,7.080500,80.279400
71400,Dehiowita,Kegalle,6.977600,80.262400
71401,Deloluwa,Kegalle,6.958200,80.317400
71403,Anhettigama,Kegalle,6.922100,80.374000
71407,Noori,Kegalle,6.955800,80.396000
71411,Maliboda,Kegalle,6.888600,80.428500
71417,Hinguralakanda,Kegalle,6.915400,80.297200
71418,Boralankada,Kegalle,6.972100,80.328500
71430,Deraniyagala,Kegalle,6.931400,80.335200
71432,Miyanawita,Kegalle,6.903700,80.350000
71500,Mawanella,Kegalle,7.251900,80.445300
71501,Kondeniya,Kegalle,7.265000,80.433000
71503,Ambulugala,Kegalle,7.237600,80.416800
71505,Galatara,Kegalle,7.216700,80.416700
71507,Makehelwala,Kegalle,7.282500,80.473600
71508,Alutnuwara,Kegalle,7.233300,80.466700
71510,Ussapitiya,Kegalle,7.216200,80.448300
71520,Hingula,Kegalle,7.245700,80.466400
71521,Udumulla,Kegalle,7.454000,80.399300
71527,Dewanagala,Kegalle,7.215900,80.470400
71530,Hemmatagama,Kegalle,7.173600,80.500200
71533,Kehelpannala,Kegalle,7.166400,80.518700
71540,Aranayaka,Kegalle,7.150900,80.461400
71541,Talgaspitiya,Kegalle,7.164700,80.479300
71546,Ambalakanda,Kegalle,7.136600,80.452400
71600,Warakapola,Kegalle,7.222600,80.188700
71601,Dorawaka,Kegalle,7.183900,80.219800
71602,Niyadurupola,Kegalle,7.166500,80.218900
71603,Galapitamada,Kegalle,7.137400,80.233300
71605,Dunumala,Kegalle,7.174600,80.205800
71607,Algama,Kegalle,7.162700,80.168100
71610,Tulhiriya,Kegalle,7.269900,80.225600
71612,Bopitiya (SAB),Kegalle,7.252300,80.224800
71619,Tholangamuwa,Kegalle,7.234700,80.223900
71622,Weragala,Kegalle,7.138000,80.256800
71700,Yatiyantota,Kegalle,7.027900,80.294600
71702,Weeoya,Kegalle,7.054900,80.369300
71704,Malalpola,Kegalle,7.057900,80.341900
71706,Berannawa,Kegalle,7.067600,80.412300
71708,Seaforth Colony,Kegalle,7.066300,80.428300
71712,Welihelatenna,Kegalle,7.028100,80.334800
71715,Hakbellawaka,Kegalle,7.028100,80.334800
71716,Migastenna Sabara,Kegalle,7.028100,80.334800
71720,Kitulgala,Kegalle,6.996600,80.406800
71722,Mahabage,Kegalle,7.022500,80.433300
71724,Teligama,Kegalle,7.007900,80.379800
80000,Galle,Galle,6.036700,80.217000
80042,Wakwella,Galle,6.094900,80.202600
80044,Anangoda,Galle,6.066300,80.246800
80046,Walahanduwa,Galle,6.056800,80.247500
80048,Ankokkawala,Galle,6.047100,80.290200
80054,Gonamulla Junction,Galle,6.064700,80.301300
80056,Hiyare,Galle,6.064700,80.301300
80058,Talagampola,Galle,6.064700,80.301300
80062,Kottawagama,Galle,6.143900,80.335300
80064,Nakiyadeniya,Galle,6.143900,80.335300
80070,Udugama,Galle,6.221100,80.333600
80075,Panangala,Galle,6.262800,80.322300
80080,Hiniduma,Galle,6.312600,80.311600
80082,Neluwa,Galle,6.375700,80.360400
80084,Warukandeniya,Galle,6.383400,80.418200
80086,Pannimulla Panagoda,Galle,6.357200,80.363400
80090,Akmeemana,Galle,6.181800,80.303600
80092,Meda-Keembiya,Galle,6.181800,80.303600
80100,Wanduramba,Galle,6.130500,80.252100
80107,Yatalamatta,Galle,6.161900,80.276600
80108,Udalamatta,Galle,6.182800,80.295200
80110,Nagoda,Galle,6.195800,80.274200
80112,Mapalagama,Galle,6.230700,80.325400
80114,Parana ThanaYamgoda,Galle,6.213300,80.299800
80116,Mapalagama Central,Galle,6.213300,80.299800
80120,Wanchawela,Galle,6.035900,80.315600
80122,Angulugaha,Galle,6.035900,80.315600
80130,lmaduwa,Galle,6.126500,80.489800
80132,Hawpe,Galle,6.126500,80.489800
80134,Ihala Walpola,Galle,6.126500,80.489800
80136,Kananke Bazaar,Galle,6.126500,80.489800
80142,Opatha,Galle,6.358700,80.141200
80143,Banagala,Galle,6.288200,80.237600
80144,Malgalla Talangalla,Galle,6.328500,80.240800
80146,Halvitigala Colony,Galle,6.328500,80.240800
80148,Tawalama,Galle,6.338700,80.343700
80150,Yakkalamulla,Galle,6.109800,80.345400
80151,Karagoda,Galle,6.093100,80.378100
80152,Magedara,Galle,6.103600,80.406200
80168,Uluvitike,Galle,6.176300,80.306500
80170,Poddala,Galle,6.112000,80.210500
80200,Baddegama,Galle,6.165200,80.178200
80204,Ampegama,Galle,6.191600,80.146300
80212,Agaliya,Galle,6.193000,80.200600
80214,Unenwitiya,Galle,6.245600,80.223400
80216,Weihena,Galle,6.298200,80.246300
80220,Ginimellagaha,Galle,6.143800,80.159000
80230,Gonapinuwala,Galle,6.145800,80.138400
80240,Hikkaduwa,Galle,6.140700,80.101200
80244,Tiranagama,Galle,6.128200,80.124500
80250,Dodanduwa,Galle,6.096200,80.135100
80260,Ratgama,Galle,6.094100,80.142900
80270,Boossa,Galle,6.073300,80.157700
80280,Gintota,Galle,6.055900,80.177400
80300,Ambalangoda,Galle,6.235500,80.053800
80302,Godahena,Galle,6.239300,80.075200
80312,Kahawa,Galle,6.183200,80.073400
80318,Nindana,Galle,6.203300,80.103000
80320,Batapola,Galle,6.221600,80.125400
80328,Kuleegoda,Galle,6.221600,80.125400
80330,Meetiyagoda,Galle,6.191500,80.089500
80332,Aluthwala,Galle,6.177600,80.138600
80340,Watugedara,Galle,6.254500,80.057600
80350,Uragasmanhandiya,Galle,6.342900,80.092700
80352,Uragaha,Galle,6.358900,80.118100
80354,Rantotuwila,Galle,6.384700,80.097000
80360,Karandeniya,Galle,6.270400,80.079400
80400,Elpitiya,Galle,6.290800,80.162600
80402,Ella Tanabaddegama,Galle,6.289900,80.197800
80406,Talgaspe,Galle,6.308100,80.198500
80408,Porawagama,Galle,6.270700,80.232400
80416,Nawadagala,Galle,6.311300,80.133300
80420,Pitigala,Galle,6.351700,80.216200
80422,Amugoda,Galle,6.320500,80.217300
80424,Mattaka,Galle,6.304100,80.252200
80432,lhalahewessa,Galle,6.299500,80.196800
80440,Ganegoda,Galle,6.322300,80.151600
80458,Ethkandura,Galle,6.299500,80.196800
80460,Kahaduwa,Galle,6.215900,80.207200
80470,Talgaswela,Galle,6.299500,80.196800
80500,Bentota,Galle,6.425400,79.994800
80502,Gonagalpura,Galle,6.401500,80.029100
80506,Haburugala,Galle,6.400100,80.036100
80508,Miriswatta,Galle,6.379000,80.056300
80510,lnduruwa,Galle,6.355700,80.030400
80550,Balapitiya,Galle,6.278000,80.036600
80562,Ahungalla,Galle,6.313600,80.032200
80570,Kosgoda,Galle,6.338000,80.026200
80600,Unawatuna,Galle,6.021200,80.250300
80615,Talpe,Galle,5.999900,80.278700
80630,Habaraduwa,Galle,5.997700,80.295800
80650,Ahangama,Galle,5.989600,80.359800
80654,Dikkumbura,Galle,6.011600,80.372900
81000,Matara,Matara,5.948500,80.535300
81017,Naimana,Matara,6.024900,80.564100
81020,Kekanadurra,Matara,6.024900,80.564100
81030,Ratmale,Matara,5.966700,80.650000
81034,Yatiyana,Matara,6.033300,80.600000
81038,Diyagaha,Matara,5.983300,80.566700
81050,Palatuwa,Matara,5.983300,80.516700
81051,Sultanagoda,Matara,5.966700,80.500000
81060,Telijjawila,Matara,6.024900,80.564100
81064,Ransegoda,Matara,6.024900,80.564100
81070,Makandura,Matara,6.136800,80.556800
81071,Mulatiyana Junction,Matara,6.191900,80.569700
81072,Gomilamawarala,Matara,6.191900,80.569700
81074,Rotumba,Matara,6.246900,80.582600
81082,Karagoda Uyangoda,Matara,6.024900,80.564100
81092,Nadugala,Matara,5.983300,80.533300
81100,Kamburupitiya,Matara,6.083300,80.566700
81106,Karaputugala,Matara,6.083300,80.600000
81108,Horapawita,Matara,6.106900,80.586600
81160,Devinuwara (Dondra),Matara,5.931900,80.606900
81170,Gandara,Matara,5.933300,80.600000
81180,Kottegoda,Matara,6.027800,80.592000
81200,Dikwella,Matara,5.966700,80.683300
81220,Walasgala,Matara,5.991100,80.701900
81230,Urugamuwa,Matara,6.011600,80.643700
81280,Thihagoda,Matara,6.016700,80.566700
81290,Puhulwella,Matara,6.050000,80.616700
81294,Walakanda,Matara,6.033300,80.650000
81300,Hakmana,Matara,6.083600,80.644500
81302,Narawelpita,Matara,6.083600,80.644500
81312,Miella,Matara,6.117500,80.679700
81314,Denagama,Matara,6.114600,80.660600
81316,Radawela,Matara,6.133700,80.614200
81318,Karatota,Matara,6.066700,80.666700
81320,Deiyandara,Matara,6.144600,80.597800
81322,Parapamulla,Matara,6.159600,80.621100
81326,Handugala,Matara,6.189500,80.619300
81400,Akuressa,Matara,6.100700,80.469300
81402,Athuraliya,Matara,6.108300,80.488400
81404,Wilpita,Matara,6.104100,80.513400
81408,Godapitiya,Matara,6.120100,80.482500
81412,Bopagoda,Matara,6.156400,80.487200
81414,Urumutta,Matara,6.156300,80.515100
81416,Maramba,Matara,6.156300,80.501100
81422,Diyalape,Matara,6.121500,80.455200
81424,Maliduwa,Matara,6.125200,80.406900
81450,Pitabeddara,Matara,6.201400,80.459300
81452,Deegala Lenama,Matara,6.222300,80.465000
81454,Derangala,Matara,6.243200,80.470600
81456,Kiriwelkele,Matara,6.222300,80.465000
81462,Siyambalagoda,Matara,6.066700,80.766700
81470,Morawaka,Matara,6.259400,80.488900
81472,Pahala Millawa,Matara,6.297000,80.469000
81474,Paragala,Matara,6.232800,80.532100
81475,Alapaladeniya,Matara,6.273800,80.455700
81477,Dellawa,Matara,6.335500,80.448800
81478,Kalubowitiyana,Matara,6.316700,80.400000
81479,Waralla,Matara,6.273900,80.533300
81480,Kotapola,Matara,6.296000,80.542100
81500,Deniyaya,Matara,6.346100,80.551500
81508,Viharahena,Matara,6.366400,80.590300
81514,Kiriweldola,Matara,6.367900,80.530600
81522,Kolawenigama,Matara,6.323500,80.510100
81524,Mediripitiya,Matara,6.339200,80.492100
81526,Lankagama,Matara,6.355000,80.474200
81532,Moragala Kirillapone,Matara,6.288600,80.597500
81538,Pothdeniya,Matara,6.288600,80.597500
81541,Beralapanathara,Matara,6.341200,80.542400
81600,Urubokka,Matara,6.304100,80.631200
81612,Dampahala,Matara,6.271700,80.631000
81614,Bengamuwa,Matara,6.259200,80.601200
81615,Pasgoda,Matara,6.265400,80.616100
81700,Weligama,Matara,5.975000,80.429700
81722,Penetiyana,Matara,6.033300,80.450000
81730,Denipitiya,Matara,5.966700,80.450000
81740,Mirissa,Matara,5.933300,80.450000
81750,Kamburugamuwa,Matara,5.948600,80.500600
82000,Hambantota,Hambantota,6.124100,81.118500
82002,Bundala,Hambantota,6.189900,81.267000
82004,Weligatta,Hambantota,6.204900,81.197600
82005,Bandagiriya Colony,Hambantota,6.190300,81.172100
82006,Gonnoruwa,Hambantota,6.242300,81.105300
82008,Pahala Andarawewa,Hambantota,6.190300,81.172100
82010,Sooriyawewa Town,Hambantota,6.190300,81.172100
82014,Migahajandur,Hambantota,6.190300,81.172100
82016,Mahagalwewa,Hambantota,6.190300,81.172100
82018,Ranmuduwewa,Hambantota,6.190300,81.172100
82100,Ambalantota,Hambantota,6.119600,81.021400
82102,Beragama,Hambantota,6.149300,81.041300
82106,RU/Ridiyagama,Hambantota,6.134400,81.002800
82108,Lunama,Hambantota,6.107400,80.978300
82109,Mamadala,Hambantota,6.161400,80.970100
82110,Barawakumbuka,Hambantota,6.223100,80.930800
82120,Hungama,Hambantota,6.108700,80.930900
82125,Ranna,Hambantota,6.098500,80.880700
82126,Kahandamodara,Hambantota,6.070500,80.895800
82135,Netolpitiya,Hambantota,6.063400,80.836300
82200,Tangalla,Hambantota,6.024000,80.791100
82220,Angunakolapelessa,Hambantota,6.164000,80.891300
82232,Vitharandeniya,Hambantota,6.178100,80.799400
82240,Weeraketiya,Hambantota,6.151000,80.764300
82242,Mulkirigala,Hambantota,6.131500,80.730500
82246,Wekandawela,Hambantota,6.142300,80.776000
82248,Hakuruwela,Hambantota,6.144300,80.833200
82252,Julampitiya,Hambantota,6.221200,80.738300
82254,Medamulana,Hambantota,6.178300,80.769200
82270,Middeniya,Hambantota,6.250200,80.763400
82274,Kariyamaditta,Hambantota,6.255400,80.825400
82276,Ratmalwala,Hambantota,6.268600,80.850000
82278,Uswewa,Hambantota,6.247500,80.862800
82300,Nakulugamuwa,Hambantota,6.190500,80.935700
82400,Beliatta,Hambantota,6.049600,80.732500
82401,Goda Koggalla,Hambantota,6.049600,80.732500
82412,Ihala Beligalla,Hambantota,6.094700,80.741100
82414,Nihiluwa,Hambantota,6.083300,80.700000
82416,Modarawana,Hambantota,6.125700,80.711200
82418,Yatigala,Hambantota,6.105600,80.692000
82420,Getamanna,Hambantota,6.033300,80.683300
82450,Walasmulla,Hambantota,6.152100,80.694100
82454,Pallekanda,Hambantota,6.457200,80.718700
82456,Horewelagoda,Hambantota,6.304700,80.706400
82458,Bowalagama,Hambantota,6.304700,80.706400
82462,Ittademaliya,Hambantota,6.156500,80.725600
82500,Katuwana,Hambantota,6.268300,80.697100
82504,Uda Gomadiya,Hambantota,6.268300,80.697100
82550,Kirama,Hambantota,6.209800,80.663200
82554,Rammalawarapitiya,Hambantota,6.209800,80.663200
82586,Gangulandeniya,Hambantota,6.283300,80.718200
82600,Tissamaharama,Hambantota,6.276500,81.286500
82602,Gonagamuwa Uduwila,Hambantota,6.246600,81.293300
82608,Magama,Hambantota,6.216700,81.300000
82612,Ranakeliya,Hambantota,6.218700,81.322000
82614,Kirinda,Hambantota,6.218600,81.325600
82615,Weerawila NewTown,Hambantota,6.278200,81.287200
82618,Beralihela,Hambantota,6.339100,81.257100
82619,Ellagala,Hambantota,6.336200,81.244100
82622,Kawantissapura,Hambantota,6.290800,81.246300
82632,Weerawila,Hambantota,6.259400,81.216400
82634,Lunugamwehera,Hambantota,6.343400,81.200100
82636,Padawkema,Hambantota,6.359900,81.177800
82638,Udamattala,Hambantota,6.339100,81.133700
90000,Badulla,Badulla,6.989500,81.055700
90008,Soranatota,Badulla,7.033100,81.050800
90012,Timbirigaspitiya,Badulla,7.019500,81.067200
90013,Egodawela,Badulla,7.065000,81.061900
90014,Taldena,Badulla,7.095600,81.047900
90015,Meegahakiula,Badulla,7.086600,81.068900
90016,Ketawatta,Badulla,7.094000,81.091200
90017,Arawa,Badulla,7.159100,81.076100
90019,Baduluoya,Badulla,7.086600,81.068900
90020,Kandaketya,Badulla,7.108900,81.008900
90022,Maliyadda,Badulla,7.108900,81.008900
90026,Rilpola,Badulla,7.108900,81.008900
90028,Spring Valley,Badulla,7.108900,81.008900
90034,Wineethagama,Badulla,7.005700,81.053300
90042,Nelumgama,Badulla,7.005300,81.074300
90044,Sirimalgoda,Badulla,7.003100,81.082900
90046,Kuttiyagolla,Badulla,7.021400,81.087900
90048,Kendagolla,Badulla,6.997700,81.108600
90052,Kahataruppa,Badulla,7.033300,81.116700
90060,Hali Ela,Badulla,6.953600,81.029900
90061,Uva Uduwara,Badulla,7.021800,80.995700
90062,Uva Deegalla,Badulla,7.021800,80.995700
90063,Jangulla,Badulla,7.021800,80.995700
90064,Narangala,Badulla,7.021800,80.995700
90065,Galauda,Badulla,7.034000,80.986100
90066,Beramada,Badulla,7.054400,80.978500
90067,Godunna,Badulla,7.069100,80.980300
90068,Landewela,Badulla,6.997700,81.003900
90070,Kandegedara,Badulla,7.027600,81.033900
90071,Pathanewatta,Badulla,7.027600,81.033900
90072,Tennepanguwa,Badulla,7.027600,81.033900
90080,Demodara,Badulla,6.900200,81.055500
90082,Gawarawela,Badulla,6.900000,81.063900
90090,Ella,Badulla,6.875600,81.046300
90091,Uva Karandagolla,Badulla,6.833600,81.070500
90092,Ballaketuwa,Badulla,6.866700,81.100000
90094,Helapupula,Badulla,6.858600,81.072300
90100,Bandarawela,Badulla,6.833400,80.985300
90102,Kebillawela,Badulla,6.811000,80.996200
90104,Dulgolla,Badulla,7.238800,80.729300
90106,Liyangahawela,Badulla,6.925100,80.938900
90108,Ambadandegama,Badulla,6.817300,81.044800
90112,Heeloya,Badulla,6.844700,81.019900
90114,Makulella,Badulla,6.844700,81.019900
90122,Helahalpe,Badulla,6.888500,81.035700
90132,Diganatenna,Badulla,6.866700,80.966700
90134,Mirahawatta,Badulla,6.871800,80.944500
90138,Pattiyagedara,Badulla,6.875100,80.979000
90140,Ettampitiya,Badulla,6.938700,80.971700
90150,Diyatalawa,Badulla,6.800700,80.954600
90160,Haputale,Badulla,6.768100,80.959500
90164,Ratkarawwa,Badulla,6.800000,80.916700
90165,Nikapotha,Badulla,6.733300,80.966700
90166,Akkarasiyaya,Badulla,6.779700,80.920800
90168,Ohiya,Badulla,6.817300,80.840300
90170,Boralanda,Badulla,6.827000,80.894000
90171,Pitapola,Badulla,6.809700,80.893000
90180,Haldummulla,Badulla,6.760300,80.884400
90183,Soragune,Badulla,6.829400,80.880600
90184,Kiriwanagama,Badulla,6.968200,80.911800
90186,Kalupahana,Badulla,6.759600,80.845500
90188,Uva Tenna,Badulla,6.829400,80.880600
90190,Koslanda,Badulla,6.743400,81.018900
90192,Uva Mawelagama,Badulla,6.743400,81.018900
90200,Welimada,Badulla,6.904400,80.904400
90204,Amunumulla,Badulla,6.866400,80.908400
90206,Galedanda,Badulla,6.825800,80.929100
90208,Gurutalawa,Badulla,6.836200,80.912200
90212,Puhulpola,Badulla,6.902800,80.923800
90214,Dikkapitiya,Badulla,6.742200,80.973300
90216,Nugatalawa,Badulla,6.899400,80.880600
90218,Medawela Udukinda,Badulla,6.848100,80.925900
90222,Perawella,Badulla,6.937800,80.838900
90224,Hangunnawa,Badulla,6.951300,80.872900
90226,Uduhawara,Badulla,6.966700,80.866700
90230,Uvaparanagama,Badulla,6.883300,80.901000
90300,Ambagasdowa,Badulla,6.923200,80.893600
90302,Bowela,Badulla,6.950000,80.933300
90310,Lunuwatta,Badulla,6.933400,80.900600
90322,Bambarapana,Badulla,7.003200,80.967800
90326,Ambagahawatta,Badulla,7.016700,80.955100
90328,Maspanna,Badulla,7.016700,80.950000
90329,Yalagamuwa,Badulla,7.046900,80.952500
90350,Keppetipola,Badulla,6.897500,80.870500
90352,Kalubululanda,Badulla,6.862100,80.879100
90354,Bogahakumbura,Badulla,6.863100,80.863900
90356,Kandepuhulpola,Badulla,6.838000,80.863800
90358,Hewanakumbura,Badulla,6.890200,80.847300
90362,Boragas,Badulla,6.909700,80.835600
90364,Silmiyapura,Badulla,6.909700,80.835600
90500,Passara,Badulla,6.934600,81.157400
90502,Bibilegama,Badulla,6.894500,81.136100
90504,Miriyabedda,Badulla,6.900000,81.166700
90506,Kotamuduna,Badulla,6.892900,81.184100
90508,Hingurukaduwa,Badulla,6.828800,81.157300
90512,Gamewela,Badulla,6.918600,81.205600
90518,Medawelagama,Badulla,6.976000,81.171200
90522,Pelagahatenna,Badulla,6.964400,81.158400
90524,Hopton,Badulla,6.964400,81.158400
90530,Lunugala,Badulla,7.036900,81.201700
90532,Arawakumbura,Badulla,7.084900,81.198200
90534,Pallekiruwa,Badulla,7.009800,81.236200
90535,Madulsima,Badulla,7.033400,81.168700
90540,Metigahatenna,Badulla,6.966700,81.083300
90542,Atakiriya,Badulla,7.069800,81.102300
90544,Pitamaruwa,Badulla,7.116200,81.126200
90546,Kalugahakandura,Badulla,7.126400,81.097500
90580,Namunukula,Badulla,6.904100,81.121100
90582,Maussagolla,Badulla,6.909100,81.132300
90584,Miyanakandura,Badulla,6.861900,81.148600
90700,Mahiyanganaya,Badulla,7.244400,81.116700
90702,Uraniya,Badulla,7.233300,81.100000
90704,Ridimaliyadda,Badulla,7.233300,81.100000
90706,Yalwela,Badulla,7.266700,81.150000
90712,Arawatta,Badulla,7.333300,81.050000
90714,Dambana,Badulla,7.358300,81.108300
90716,Wewatta,Badulla,7.383300,81.166700
90718,Sorabora Colony,Badulla,7.358300,81.108300
90722,Aluttaramma,Badulla,7.222100,81.061200
90724,Hebarawa,Badulla,7.222100,81.061200
90726,Divulapelessa,Badulla,7.222100,81.061200
90728,Kuruwitenna,Badulla,7.222100,81.061200
90730,Mapakadawewa,Badulla,7.300000,81.116700
90734,Uva Tissapura,Badulla,7.300000,81.116700
90736,Aluketiyawa,Badulla,7.300000,81.116700
90738,Keselpotha,Badulla,7.300000,81.116700
90750,Girandurukotte,Badulla,7.400000,81.050000
90752,Galporuyaya,Badulla,7.400000,81.050000
90754,Malgoda,Badulla,7.400000,81.050000
90756,Pahalarathkinda,Badulla,7.400000,81.050000
91000,Monaragala,Moneragala,6.871400,81.348700
91002,Pangura,Moneragala,6.982500,81.324400
91003,Nakkala,Moneragala,6.887500,81.293900
91004,Hulandawa,Moneragala,6.851500,81.342700
91005,Wedikumbura,Moneragala,6.834900,81.387900
91006,Marawa,Moneragala,6.816900,81.374300
91007,Obbegoda,Moneragala,6.924200,81.349300
91008,Galabedda,Moneragala,6.919600,81.380500
91010,Dombagahawela,Moneragala,6.901600,81.442500
91020,Ethimalewewa,Moneragala,6.768900,81.486300
91022,Wilaoya,Moneragala,6.826100,81.490700
91024,Kotiyagala,Moneragala,6.711700,81.481800
91030,Siyambalanduwa,Moneragala,6.906700,81.546100
91032,Kandaudapanguwa,Moneragala,6.975000,81.514900
91038,Buddama,Moneragala,7.043400,81.483800
91040,Inginiyagala,Moneragala,7.223300,81.541000
91042,Nelliyadda,Moneragala,7.223300,81.541000
91050,Dambagalla,Moneragala,6.955700,81.367000
91052,Mariarawa,Moneragala,6.975400,81.473000
91054,Uva Gangodagama,Moneragala,7.011300,81.414700
91056,Ruwalwela,Moneragala,7.026200,81.386000
91058,Baduluwela,Moneragala,7.087800,81.432900
91060,Okkampitiya,Moneragala,6.745600,81.305700
91070,Badalkumbura,Moneragala,6.892200,81.239600
91098,Kumbukkana,Moneragala,6.823500,81.306800
91100,Buttala,Moneragala,6.760800,81.248800
91108,Moretuwegama,Moneragala,6.760800,81.248800
91112,Uva Pelwatta,Moneragala,6.760800,81.248800
91198,Warunagama,Moneragala,6.760800,81.248800
91200,Wellawaya,Moneragala,6.726400,81.104600
91202,Siyambalagune,Moneragala,6.804300,81.138600
91204,Randeniya,Moneragala,6.785600,81.109000
91206,Weherayaya Handapanagala,Moneragala,6.772100,81.117400
91250,Ettiliwewa,Moneragala,6.682000,81.104800
91295,Balaharuwa,Moneragala,6.571600,81.049000
91298,Uva Kudaoya,Moneragala,6.521900,81.122800
91300,Tanamalwila,Moneragala,6.433100,81.128500
91302,Angunakolawewa,Moneragala,6.400400,81.087700
91306,Suriara,Moneragala,6.455500,81.057700
91308,Hambegamuwa,Moneragala,6.533100,80.956800
91312,Kotawehera Mankada,Moneragala,6.455500,81.057700
91400,Kataragama,Moneragala,6.413400,81.334600
91405,Sella Kataragama,Moneragala,6.413400,81.334600
91500,Bibile,Moneragala,7.157700,81.219200
91502,Ekiriyankumbura,Moneragala,7.300000,81.216700
91505,Pitakumbura,Moneragala,7.184100,81.281600
91508,Nilgala,Moneragala,7.192500,81.375900
91512,Kotagama,Moneragala,7.123600,81.190200
91514,Diyakobala,Moneragala,7.105600,81.231400
91516,Ayiwela,Moneragala,7.108400,81.241100
91519,Nannapurawa,Moneragala,7.084700,81.262900
91550,Medagana,Moneragala,6.997900,81.282100
91552,Kandawinna,Moneragala,6.997900,81.282100
91554,Bakinigahawela,Moneragala,6.997900,81.282100
96167,Idalgashinna,Badulla,6.781900,80.893100
90324,,Badulla,7.000000,80.950000
81032,,Matara,6.000000,80.600000
42000,,Mullaitivu,9.176200,80.000000
61520,,Puttalam,8.000000,80.116700
